index,Model,Brand,Price,Odometer,Paint color,Condition,Fuel,Transmission,Type
0,2014,FIAT,16590,6518,blue,good,gas,automatic,hatchback
1,2016,Toyota,25990,41834,red,good,gas,automatic,hatchback
2,2015,Chrysler,20990,17052,white,good,gas,other,sedan
3,2013,Acura,21590,54662,white,good,other,automatic,sedan
4,2016,Hyundai,20990,99478,blue,good,other,automatic,coupe
5,2017,Volkswagen,22990,31749,red,good,gas,automatic,sedan
6,2016,Mercedes-Benz,32590,12453,black,good,other,automatic,coupe
7,2016,Ford,23990,15655,blue,good,other,automatic,sedan
8,2020,Chevrolet,34990,20748,blue,good,gas,other,pickup
9,2018,Ford,24990,12915,blue,good,other,automatic,hatchback
10,2019,Subaru,30590,29494,white,good,gas,other,coupe
11,2015,Acura,22990,32917,black,good,other,other,sedan
12,2018,Ford,37990,13012,black,good,other,automatic,pickup
13,2005,2005,4900,341000,white,good,gas,automatic,SUV
14,2012,INFINITI,17990,88470,white,good,diesel,automatic,sedan
15,2014,Nissan,6783,138110,blue,good,gas,automatic,hatchback
16,2016,Ford,32590,80902,brown,good,other,other,pickup
17,2019,Toyota,26590,20055,silver,good,other,other,hatchback
27,2015,GMC,31855,154283,black,good,gas,automatic,truck
28,2009,Dodge,17998,134330,white,good,gas,automatic,truck
29,2011,Toyota,16399,147847,white,good,gas,automatic,SUV
30,2018,Toyota,38995,82300,white,good,gas,automatic,truck
31,2010,Toyota,22840,131694,black,good,gas,automatic,truck
32,2017,Lexus,35846,91498,silver,good,gas,automatic,SUV
33,2013,Toyota,22995,151384,silver,good,gas,automatic,truck
34,2007,kia,3500,112000,black,good,gas,automatic,sedan
35,2013,Chrysler,18990,55546,red,good,other,automatic,van
36,2018,Lexus,35990,13677,white,good,other,other,sedan
37,2019,Toyota,27990,6788,white,good,gas,other,hatchback
38,2016,Scion,20590,48753,red,good,other,automatic,coupe
39,2016,Volkswagen,28590,5439,black,good,other,automatic,hatchback
40,2003,honda,3800,234531,black,good,gas,automatic,SUV
41,2013,Volkswagen,8000,122000,silver,good,gas,automatic,sedan
42,2014,Honda,5500,136000,black,good,gas,manual,coupe
43,2004,acura,4000,200070,white,good,gas,manual,sedan
44,2005,ford,2000,144000,black,good,gas,automatic,SUV
45,2017,Nissan,32990,9962,black,good,gas,automatic,coupe
46,2020,Chevrolet,31990,7982,silver,good,gas,other,pickup
67,2002,acura,3300,215069,black,good,gas,manual,SUV
68,2006,chevy,12000,270000,white,good,diesel,automatic,van
69,1993,gmc,5000,340000,black,good,gas,automatic,SUV
70,2007,toyota,5800,170000,white,good,gas,automatic,coupe
71,1980,cadillac,15000,29485,white,good,gas,automatic,coupe
72,2008,honda,4900,185000,grey,fair,gas,automatic,mini-van
73,2014,Audi,23990,58087,blue,good,other,automatic,sedan
74,2014,Acura,20990,39378,white,good,gas,automatic,sedan
75,2007,kia,4200,114760,blue,good,gas,automatic,sedan
76,2011,2011,7000,244000,white,good,gas,automatic,truck
77,2009,hyundai,3995,126899,blue,good,gas,manual,hatchback
78,2009,ford,5500,188753,white,good,gas,automatic,pickup
79,2008,ford,3995,167945,white,good,gas,automatic,sedan
80,2004,Ford,3900,81795,grey,good,gas,automatic,sedan
81,2009,gmc,4800,138,purple,good,gas,automatic,SUV
82,2006,nissan,3700,141975,grey,good,gas,automatic,sedan
83,2015,FIAT,16990,4844,blue,good,gas,automatic,hatchback
84,2017,Toyota,29590,30387,blue,good,gas,automatic,hatchback
85,2015,Audi,26990,66585,black,good,gas,automatic,sedan
86,2021,MAZDA,26990,7210,blue,good,gas,other,hatchback
87,2013,chevrolet,35995,186189,white,good,diesel,automatic,truck
88,2011,ford,4400,211000,white,good,gas,automatic,SUV
89,2013,ford,14000,135000,black,good,gas,automatic,SUV
90,2015,Subaru,18990,79507,black,good,other,other,hatchback
91,2007,buick,2000,249897,white,fair,gas,automatic,sedan
92,2014,BMW,20590,73953,blue,good,gas,other,coupe
93,2020,Chevrolet,31990,8824,red,good,other,other,pickup
99,1984,1984,12000,100000,orange,fair,gas,automatic,coupe
100,2002,Toyota,1000,220000,white,fair,gas,manual,sedan
101,2005,Ford,10900,179048,white,good,gas,automatic,van
102,1977,ford,12000,90000,red,good,gas,automatic,pickup
103,2010,dodge,5800,160000,black,good,gas,automatic,sedan
104,2010,Toyota,3900,132900,silver,good,gas,automatic,coupe
105,2003,hinda,4450,135111,black,good,gas,automatic,sedan
108,2006,jeep,2800,200000,green,good,gas,automatic,SUV
109,1981,Dodge,5500,21728,black,good,gas,manual,pickup
111,2004,CHEVROLET,3495,219934,red,good,gas,automatic,truck
112,2005,chevy,2600,160000,brown,good,gas,automatic,SUV
113,2013,subaru,6500,146272,silver,fair,gas,automatic,sedan
119,2020,Mitsubishi,17990,21987,white,good,other,automatic,hatchback
120,1997,chevrolet,4800,205000,red,good,gas,automatic,pickup
123,2007,nissan,5200,235000,black,good,gas,automatic,SUV
125,2015,Cadillac,29590,70532,blue,good,other,other,sedan
126,2017,Lexus,33990,25645,silver,good,gas,automatic,hatchback
129,2019,MAZDA,24990,3750,white,good,other,automatic,hatchback
130,2015,Ford,25590,34079,white,good,other,other,pickup
131,1999,Dodge,6000,100000,grey,good,gas,automatic,truck
134,2018,Buick,32590,15008,red,good,gas,other,wagon
136,2003,Cadillac,1000,117000,brown,fair,gas,automatic,sedan
144,2017,Nissan,31590,18585,red,good,other,automatic,coupe
147,2010,Ford,5992,186062,brown,good,gas,automatic,sedan
148,2016,jeep,26799,53380,green,good,gas,automatic,SUV
150,2013,Hyundai,18990,61939,silver,good,gas,automatic,coupe
255,2012,Chrysler,18990,58805,red,good,other,automatic,van
256,2019,Ford,28990,13953,black,good,gas,automatic,sedan
257,2018,Mercedes-Benz,33590,23675,black,good,gas,other,coupe
258,2011,Toyota,16590,30029,blue,good,other,other,sedan
259,2015,Dodge,15990,48423,blue,good,gas,other,sedan
260,2017,Toyota,24990,51760,white,good,hybrid,automatic,hatchback
262,2020,Ford,26990,13730,black,good,other,other,hatchback
263,2020,Ford,33990,15036,white,good,gas,other,van
264,2016,Maserati,39590,36754,white,good,gas,other,sedan
265,2004,Toyota,7500,266000,white,good,gas,automatic,truck
266,2003,toyota,12000,112690,black,good,gas,manual,pickup
267,2013,hyundai,4800,182000,white,good,gas,automatic,sedan
270,2004,Dodge,4983,243945,white,good,gas,automatic,pickup
271,2017,Subaru,26990,29867,blue,good,other,automatic,hatchback
272,2012,Porsche,35990,45609,white,good,other,automatic,sedan
273,2001,2001,3000,129500,white,good,gas,automatic,pickup
274,2016,Nissan,17990,13634,white,good,electric,other,hatchback
275,2018,Ford,26990,18678,white,good,other,other,sedan
277,2019,Volvo,35990,23074,white,good,other,other,sedan
279,2007,nissan,3800,170000,red,good,gas,automatic,sedan
280,2000,ford,4000,206200,white,good,gas,automatic,truck
281,2021,Toyota,31990,2832,white,good,other,other,hatchback
282,2017,Jaguar,28590,36168,blue,good,other,other,sedan
283,2014,Ford,22990,47170,blue,good,gas,other,hatchback
284,2008,2008,9875,138888,silver,good,gas,automatic,pickup
285,2013,Chrysler,17590,10760,red,good,gas,other,sedan
286,2015,MAZDA,17990,50389,red,good,gas,automatic,van
287,2021,Hyundai,23990,9222,white,good,gas,other,hatchback
288,2019,Toyota,39990,8336,red,good,other,other,sedan
289,2020,Ford,39990,10443,red,good,gas,other,pickup
290,2016,Chevrolet,16990,19204,silver,good,gas,other,hatchback
291,2018,Audi,35990,23334,white,good,gas,automatic,sedan
295,2008,nissan,9875,138888,silver,good,gas,automatic,truck
296,2019,Lexus,36590,16908,blue,good,other,automatic,hatchback
297,2015,Ford,39990,13766,white,good,other,other,pickup
298,2011,Audi,16990,79372,black,good,gas,automatic,coupe
299,2019,Kia,25590,22047,black,good,gas,other,wagon
300,2015,Lexus,25590,58565,black,good,other,automatic,hatchback
301,2017,Kia,24590,59254,silver,good,gas,automatic,wagon
305,2015,Acura,24990,39017,white,good,other,automatic,sedan
306,2013,MINI,19590,37236,white,good,gas,other,hatchback
307,2012,Nissan,15990,64558,white,good,other,automatic,hatchback
308,2016,Scion,19990,7565,red,good,other,other,sedan
313,2015,BMW,27990,43356,black,good,gas,automatic,coupe
314,2019,Cadillac,38990,38219,black,good,gas,other,hatchback
315,2015,Chrysler,19590,23317,white,good,other,other,sedan
316,2016,Mercedes-Benz,31590,29634,silver,good,gas,automatic,sedan
317,2017,Nissan,30990,22353,red,good,other,automatic,coupe
318,2019,MAZDA,24590,10370,blue,good,other,automatic,hatchback
319,2015,Mitsubishi,18990,53277,white,good,other,automatic,hatchback
320,2013,Ford,19990,77654,red,good,other,other,hatchback
321,1986,porsche,8500,104000,red,good,gas,manual,coupe
322,2019,BMW,31590,54802,black,good,gas,other,hatchback
324,2014,Mitsubishi,16990,49672,blue,good,gas,automatic,hatchback
325,2016,Subaru,25990,38150,white,good,other,other,coupe
326,2016,Cadillac,27990,78384,black,good,gas,other,sedan
327,2019,Alfa,37990,25630,black,good,other,other,hatchback
328,2014,Audi,27990,79468,black,good,other,automatic,sedan
329,2018,Ford,24990,11554,red,good,other,automatic,hatchback
528,2013,ford,18500,160000,black,good,gas,automatic,truck
530,2014,Mercedes-Benz,38590,39253,black,good,other,other,coupe
531,2016,Toyota,15990,68717,silver,good,gas,other,sedan
532,2018,Genesis,33990,45361,black,good,other,other,sedan
534,2016,Dodge,17590,40669,red,good,other,other,sedan
535,2018,Toyota,18990,25742,silver,good,gas,other,sedan
536,2018,Jaguar,28990,72637,red,good,other,other,sedan
537,2017,Ford,36990,31426,red,good,other,automatic,pickup
538,2013,MINI,19590,30202,red,good,gas,other,hatchback
539,2021,Toyota,39590,14187,white,good,gas,automatic,hatchback
540,2012,Chevrolet,28990,54666,black,good,other,other,pickup
541,2018,Chevrolet,21990,15952,white,good,gas,other,hatchback
543,2017,FIAT,20990,37211,blue,good,other,other,hatchback
544,2015,Subaru,25990,55438,white,good,other,automatic,hatchback
547,2013,Ford,16990,62193,silver,good,gas,automatic,wagon
624,2012,Nissan,23990,78181,black,good,other,other,coupe
625,2015,Subaru,24590,51592,green,good,other,automatic,wagon
626,1998,TOYOTA,2300,197000,green,good,gas,automatic,sedan
627,2019,MAZDA,26990,8955,white,good,other,automatic,hatchback
628,2018,MAZDA,23590,22688,black,good,other,automatic,hatchback
629,2014,Scion,21590,35316,silver,good,other,other,coupe
630,2019,Alfa,39990,19886,black,good,gas,other,hatchback
631,2016,Scion,20990,2821,white,good,gas,other,sedan
632,2017,Ram,28990,26918,white,good,gas,other,pickup
633,2016,Ford,19990,44784,red,good,other,automatic,wagon
634,2015,Subaru,26590,23911,red,good,other,automatic,wagon
635,2013,ford,34995,106309,white,good,diesel,automatic,truck
636,2007,jeep,9900,117308,black,good,gas,automatic,SUV
637,2013,Subaru,22590,63027,black,good,gas,other,coupe
638,2020,Ram,33990,6822,silver,good,other,other,pickup
640,2016,Chevrolet,18990,77725,black,good,other,automatic,sedan
642,2015,Subaru,22590,63572,red,good,gas,other,hatchback
643,2017,Alfa,29990,21357,black,good,gas,other,sedan
644,2021,Toyota,31590,1575,black,good,gas,other,hatchback
649,2010,dodge,13450,159617,silver,good,gas,manual,coupe
650,2018,Ram,34990,54713,white,good,other,other,pickup
651,2015,Hyundai,25590,67157,white,good,other,automatic,sedan
653,2017,Nissan,24990,13604,silver,good,other,automatic,sedan
654,2015,ford,13990,101633,grey,good,gas,automatic,sedan
657,2021,Toyota,28990,1600,black,good,gas,other,hatchback
658,2021,Subaru,38990,3823,silver,good,other,automatic,wagon
659,2012,Audi,22990,56651,white,good,hybrid,automatic,sedan
660,2019,Toyota,20990,25377,white,good,gas,other,sedan
662,2014,Nissan,15990,88579,silver,good,other,automatic,hatchback
663,2020,Toyota,22590,7838,silver,good,other,other,sedan
665,2015,BMW,22990,53283,black,good,gas,other,coupe
666,2016,Cadillac,31590,17216,silver,good,other,other,sedan
667,2019,Honda,35990,11873,silver,good,gas,other,pickup
669,2015,Audi,30590,49379,black,good,diesel,automatic,sedan
672,2016,Ford,39590,24571,white,good,gas,other,pickup
673,2020,Ford,33590,20430,white,good,gas,other,pickup
674,2017,Acura,27590,16221,black,good,other,automatic,sedan
676,2017,Subaru,19990,43167,blue,good,gas,automatic,sedan
677,2015,Cadillac,31590,17205,red,good,gas,other,coupe
678,2018,Ram,35990,35690,white,good,gas,other,pickup
679,2020,Ram,31990,1511,red,good,gas,other,pickup
680,2003,jaguar,3450,127000,silver,good,gas,automatic,sedan
681,2010,Mercedes-Benz,23990,52923,white,good,other,automatic,sedan
682,2015,Nissan,31590,10428,blue,good,other,automatic,coupe
683,2017,Nissan,32590,52244,black,good,gas,other,pickup
684,2020,Nissan,28990,6595,red,good,other,automatic,hatchback
685,2016,Chevrolet,25990,51566,black,good,gas,other,pickup
686,2018,Kia,18990,9663,black,good,gas,other,sedan
687,2017,Toyota,22990,2469,red,good,gas,automatic,hatchback
690,2016,Audi,37990,49558,white,good,gas,automatic,sedan
691,2009,Toyota,15990,33388,silver,good,other,other,sedan
692,2013,Lincoln,19990,65576,brown,good,gas,other,sedan
693,2015,GMC,35990,66220,black,good,gas,automatic,pickup
695,2006,2006,3000,200000,silver,good,gas,automatic,sedan
696,2014,Volkswagen,18990,57814,silver,good,other,automatic,sedan
697,2002,2002,5250,242000,blue,good,gas,automatic,pickup
698,2015,Subaru,27990,32584,black,good,gas,automatic,hatchback
699,2016,Acura,23990,18100,red,good,other,automatic,sedan
700,2017,Ford,32590,24888,white,good,other,automatic,sedan
701,2010,Toyota,17590,24861,silver,good,other,other,sedan
703,2016,Scion,26590,34350,black,good,gas,automatic,coupe
704,2017,Cadillac,32590,27606,red,good,gas,other,sedan
705,2016,Chrysler,17675,65125,red,good,gas,automatic,sedan
706,2018,Lincoln,32990,15322,white,good,gas,automatic,sedan
707,2017,Nissan,25990,28011,white,good,gas,automatic,sedan
708,2013,BMW,34590,48158,black,good,gas,automatic,coupe
709,2018,Chevrolet,24990,16853,black,good,electric,other,sedan
711,2016,Ram,27990,53882,white,good,other,other,van
712,2019,Ram,29990,20034,white,good,gas,other,pickup
713,2006,Bmw,5500,225000,black,good,gas,manual,sedan
714,2018,Kia,18990,36939,black,good,gas,other,hatchback
715,2015,Lexus,39590,14993,red,good,gas,other,coupe
716,2018,BMW,38990,20724,blue,good,hybrid,automatic,sedan
717,2013,GMC,27990,74177,red,good,other,other,pickup
719,2021,Volkswagen,33990,2717,white,good,other,other,sedan
720,2017,Subaru,27990,15647,white,good,other,automatic,hatchback
721,2013,Cadillac,21990,47946,red,good,gas,other,sedan
723,2014,Mercedes-Benz,37590,36863,black,good,other,automatic,coupe
724,2016,Lexus,33990,46454,white,good,gas,other,coupe
725,2008,toyota,12550,248890,white,good,gas,automatic,SUV
726,2021,Toyota,32590,5204,silver,good,other,other,sedan
806,2014,Chrysler,17590,84332,white,good,gas,automatic,van
807,2019,MAZDA,24990,6494,black,good,gas,automatic,hatchback
808,2017,Toyota,33990,96230,black,good,gas,automatic,pickup
810,2016,toyota,29250,104512,grey,good,gas,automatic,truck
812,2016,Chevrolet,19990,41031,white,good,gas,other,sedan
813,2014,Mercedes-Benz,23990,30992,white,good,gas,automatic,sedan
816,2017,Nissan,22990,24096,black,good,other,automatic,hatchback
817,2018,Toyota,20590,17316,silver,good,gas,other,sedan
818,2018,ram,27550,71332,black,good,gas,automatic,truck
819,2019,Volkswagen,31990,3752,black,good,other,other,sedan
821,2012,ram,16995,142296,red,good,gas,automatic,truck
822,2008,lexus,7000,244000,black,good,gas,automatic,SUV
824,2019,GMC,33590,9696,white,good,gas,other,pickup
825,2018,Chevrolet,28990,15937,red,good,other,automatic,pickup
826,2010,Acura,18990,48015,silver,good,other,other,sedan
827,2018,Cadillac,35590,30311,black,good,gas,other,sedan
828,2012,INFINITI,22590,57526,white,good,other,manual,sedan
829,2017,FIAT,17590,27490,black,good,other,automatic,hatchback
830,2020,Toyota,39990,17632,black,good,gas,other,sedan
831,2018,MINI,28590,15290,blue,good,other,other,hatchback
832,2020,Toyota,33590,15609,white,good,electric,other,pickup
833,2018,Chrysler,33590,11995,black,good,other,automatic,van
834,2020,Ford,26990,7402,silver,good,other,other,hatchback
835,2013,Toyota,17590,13722,silver,good,gas,other,sedan
836,2015,Subaru,23990,41250,white,good,gas,other,hatchback
837,2020,Kia,21590,4763,red,good,gas,other,sedan
838,2019,Ford,29990,31157,white,good,other,other,pickup
839,2010,Toyota,15990,68094,white,good,hybrid,automatic,hatchback
840,2008,toyota,6800,188000,silver,fair,gas,automatic,truck
844,2014,Mercedes-Benz,25990,61743,black,good,other,automatic,sedan
847,2017,Volkswagen,26990,33536,white,good,gas,automatic,wagon
848,2016,GMC,27990,29262,white,good,gas,automatic,pickup
849,2021,Toyota,32590,4109,black,good,gas,other,sedan
850,2001,isuzu,10000,140000,white,fair,gas,automatic,truck
851,2016,Mercedes-Benz,29990,33647,silver,good,gas,automatic,sedan
852,2006,FORD,17988,189989,white,good,diesel,manual,truck
853,2021,Subaru,35590,3411,green,good,gas,automatic,hatchback
854,2016,Scion,16990,43283,red,good,diesel,other,sedan
856,2015,Hyundai,27590,25932,blue,good,other,automatic,sedan
857,2013,Lexus,37590,38439,silver,good,gas,automatic,sedan
858,2016,Ford,19990,30333,silver,good,hybrid,automatic,wagon
859,2015,Toyota,37990,19705,silver,good,gas,automatic,pickup
861,2018,Ford,23990,8491,white,good,other,automatic,hatchback
862,2018,nissan,16995,70562,blue,good,gas,automatic,SUV
863,2018,Cadillac,30990,8237,silver,good,gas,other,sedan
864,2012,infiniti,19950,76000,black,good,gas,automatic,convertible
866,2015,nissan,13995,109775,red,good,gas,automatic,SUV
867,2017,2017,26550,142776,white,good,gas,automatic,truck
868,2017,Lincoln,30990,35310,red,good,gas,automatic,sedan
870,2015,2015,10750,103412,blue,good,gas,automatic,SUV
871,2014,Toyota,36590,85829,black,good,gas,other,pickup
872,2013,Ram,25990,12577,white,good,gas,other,pickup
873,2017,Chevrolet,36990,33465,silver,good,other,automatic,pickup
875,2017,Hyundai,21590,49381,white,good,gas,automatic,sedan
877,2010,ford,4900,118450,white,good,gas,automatic,sedan
878,2019,Ford,28990,5587,white,good,other,automatic,sedan
879,2021,MINI,30990,7991,red,good,gas,other,hatchback
881,2016,gmc,27250,141565,black,good,gas,automatic,truck
882,2004,volvo,3000,200900,grey,good,gas,automatic,sedan
883,2013,gmc,13995,205545,black,good,gas,automatic,truck
884,2004,ford,2800,220000,red,fair,gas,automatic,SUV
885,2017,Toyota,27590,24118,red,good,other,other,coupe
886,2008,gmc,11995,192235,black,good,gas,automatic,truck
887,2012,Chevrolet,17590,39782,black,good,gas,other,sedan
888,2018,Toyota,34990,24800,blue,good,gas,other,pickup
889,2018,Nissan,31990,37516,black,good,other,other,pickup
890,2017,Buick,23990,16542,red,good,gas,other,sedan
891,2016,Chevrolet,29990,21310,red,good,gas,other,pickup
892,2015,2015,20995,129861,black,good,gas,automatic,SUV
893,2006,chevy,3600,228000,grey,fair,gas,automatic,SUV
894,2018,Ram,25990,42438,white,good,gas,other,pickup
895,2001,nissan,2800,255000,white,fair,gas,automatic,sedan
896,2018,Ford,24590,15366,black,good,gas,automatic,hatchback
900,1992,chevy,1000,89000,grey,fair,gas,automatic,sedan
901,2006,cadillac,2995,113747,silver,good,gas,automatic,sedan
902,2013,2013,14995,120099,white,good,gas,automatic,SUV
903,2003,Chevrolet,4000,268000,black,fair,gas,automatic,SUV
904,2018,Toyota,22990,30975,silver,good,gas,other,hatchback
905,2002,dodge,15500,164000,silver,good,diesel,automatic,truck
906,2020,Nissan,32990,3932,black,good,other,other,pickup
907,2006,suzuki,2600,167000,silver,fair,gas,automatic,sedan
909,2013,Honda,15990,68078,blue,good,other,automatic,coupe
989,2017,Subaru,26990,6716,silver,good,gas,automatic,hatchback
991,2013,BMW,34590,46951,white,good,other,other,coupe
993,2014,Volkswagen,19990,50943,black,good,other,automatic,wagon
995,2012,Ford,31990,68374,brown,good,other,other,pickup
996,2011,MINI,15990,42262,black,good,other,automatic,hatchback
997,2018,Audi,39590,41510,silver,good,gas,other,sedan
998,2012,Chevrolet,26990,30898,silver,good,other,other,pickup
999,2021,Hyundai,25990,1344,black,good,other,other,hatchback
1002,2015,Acura,21990,32741,brown,good,gas,automatic,sedan
1003,2011,nissan,1200,169836,blue,fair,gas,automatic,sedan
1004,2015,GMC,34590,42125,blue,good,other,automatic,pickup
1007,2016,Ford,18990,52897,white,good,other,automatic,wagon
1008,2020,Volkswagen,31590,11340,white,good,gas,other,sedan
1010,2020,Ford,35990,10093,white,good,gas,other,pickup
1012,2011,Volvo,15990,88274,black,good,other,other,sedan
1013,2015,gmc,11000,130000,white,good,gas,automatic,truck
1014,2005,nissan,6000,160504,white,good,gas,automatic,pickup
1015,2020,Toyota,30590,11221,white,good,gas,automatic,sedan
1016,2014,MAZDA,19590,58600,red,good,gas,automatic,sedan
1017,2017,Lincoln,34990,20665,white,good,gas,automatic,sedan
1018,1988,lincoln,3500,96000,silver,good,gas,automatic,sedan
1019,2019,Kia,34990,28480,blue,good,gas,other,sedan
1020,2021,Kia,23590,1699,white,good,other,other,sedan
1021,2018,Nissan,26590,8387,white,good,gas,other,pickup
1023,2017,Nissan,18590,13388,white,good,gas,automatic,sedan
1024,2002,honda,3000,200000,grey,good,gas,automatic,mini-van
1025,2011,INFINITI,20990,70606,white,good,other,manual,coupe
1026,2017,Honda,31990,7405,red,good,other,automatic,sedan
1027,2011,Honda,21990,61534,silver,good,other,other,van
1029,2014,2014,6500,154000,silver,good,gas,automatic,SUV
1030,2015,Chevrolet,18590,34880,black,good,other,automatic,sedan
1032,2018,Volkswagen,21990,25637,blue,good,gas,other,sedan
1033,2018,Nissan,27990,25388,white,good,gas,other,pickup
1034,2019,Volkswagen,28990,7299,white,good,gas,automatic,sedan
1035,2015,BMW,26990,33292,white,good,gas,automatic,coupe
1037,2015,Chrysler,19990,24319,blue,good,gas,other,sedan
1038,2016,GMC,25990,38754,red,good,gas,other,pickup
1039,2012,Chevrolet,38590,37493,red,good,other,automatic,coupe
1041,2018,Chevrolet,31590,26250,black,good,other,other,pickup
1042,2016,Ford,32990,27616,red,good,gas,other,pickup
1044,2020,Chevrolet,35990,6079,silver,good,gas,other,pickup
1045,2015,Chrysler,18590,37971,red,good,gas,other,sedan
1046,2019,FIAT,22590,4918,black,good,gas,other,hatchback
1048,2019,Toyota,27590,1591,silver,good,gas,other,hatchback
1050,2015,Subaru,26590,20035,white,good,gas,automatic,wagon
1051,2019,Ram,31590,5373,white,good,gas,other,pickup
1052,2019,MINI,29590,8540,blue,good,gas,other,hatchback
1053,2021,Subaru,36590,2835,black,good,other,automatic,hatchback
1055,2019,Volkswagen,28990,15961,blue,good,gas,automatic,wagon
1056,2018,Ram,27990,33656,white,good,other,other,pickup
1057,2020,Volkswagen,29590,8704,black,good,gas,automatic,sedan
1061,2016,Nissan,24590,11068,silver,good,other,other,pickup
1062,2008,nissan,8500,200254,white,good,gas,automatic,pickup
1064,2017,Honda,31990,43092,white,good,other,other,pickup
1065,2008,acura,1500,240000,black,fair,gas,automatic,sedan
1066,2016,Ram,28990,54204,black,good,other,other,pickup
1067,1986,jeep,8250,150837,red,good,gas,automatic,wagon
1068,2018,Toyota,32590,14730,green,good,gas,automatic,sedan
1070,2018,Ford,21990,21635,white,good,gas,automatic,hatchback
1071,2012,INFINITI,21590,43378,black,good,other,automatic,sedan
1072,2018,Acura,28590,25915,red,good,other,automatic,sedan
1073,2015,Honda,25590,26375,white,good,other,other,coupe
1075,2014,Nissan,17990,62082,white,good,gas,automatic,hatchback
1079,2014,Dodge,26990,34793,white,good,gas,other,sedan
1080,2015,Chevrolet,38990,28527,silver,good,other,other,pickup
1082,2014,Toyota,17990,39788,silver,good,gas,other,sedan
1083,2014,Volkswagen,17590,68365,black,good,gas,other,wagon
1084,2018,Lexus,33990,28240,black,good,other,automatic,hatchback
1087,2021,SPECIAL,500,1000,green,fair,other,other,bus
1172,2015,Mitsubishi,17990,42399,black,good,other,automatic,hatchback
1173,2018,Kia,19590,18038,silver,good,other,other,sedan
1174,2017,Volkswagen,26990,22260,black,good,gas,automatic,hatchback
1175,2020,Mitsubishi,18990,10881,white,good,gas,automatic,hatchback
1176,2021,Chevrolet,33990,3728,red,good,other,other,pickup
1178,2017,Toyota,29990,16347,blue,good,other,automatic,hatchback
1179,2021,Honda,26990,35378,silver,good,other,other,sedan
1180,2018,Audi,39590,24868,black,good,gas,automatic,sedan
1181,2019,Lexus,37590,16615,red,good,gas,other,hatchback
1182,2018,Honda,30990,24253,black,good,gas,automatic,sedan
1183,2020,Kia,20590,11239,black,good,gas,other,sedan
1185,2008,nissan,6950,228000,brown,good,gas,automatic,truck
1186,2008,dodge,9000,209385,silver,good,gas,automatic,truck
1187,2008,ford,6450,176501,silver,good,gas,automatic,sedan
1736,2011,Toyota,18590,9812,silver,good,other,other,sedan
1737,2017,GMC,28990,24093,white,good,gas,automatic,pickup
1738,2019,Honda,39990,19492,white,good,gas,other,pickup
1740,2015,Ford,34990,48930,silver,good,other,other,pickup
1741,2012,Acura,17590,78931,silver,good,gas,automatic,sedan
2636,2006,HONDA,800,314000,red,good,gas,automatic,sedan
2637,2003,ford,3500,151000,black,fair,gas,automatic,truck
2638,2012,Mack,74999,365309,yellow,good,diesel,manual,truck
2640,2014,2014,11500,112000,grey,good,gas,automatic,sedan
2641,1989,ford,10500,108761,grey,good,gas,automatic,truck
3510,1999,isuzu,4800,177000,white,good,gas,manual,convertible
3511,2008,ford,6000,168000,blue,good,gas,automatic,pickup
3512,2013,Peterbilt,31500,774000,white,good,diesel,automatic,truck
3513,2013,ford,11500,193000,black,good,gas,automatic,pickup
3514,2008,Chevrolet,4750,166049,black,good,gas,automatic,sedan
3515,2009,volkswagen,6900,152000,white,good,gas,automatic,mini-van
3516,2004,honda,2995,248943,orange,fair,gas,manual,SUV
3517,2010,ford,7950,169000,grey,good,gas,automatic,pickup
3518,2004,mazda,4300,202000,grey,good,gas,automatic,mini-van
3519,2004,gmc,4650,138010,red,fair,gas,automatic,SUV
3520,2016,Jeep,20995,126660,orange,good,gas,automatic,SUV
3521,2010,nissan,3400,203000,black,good,gas,automatic,sedan
3522,2004,Ford,4950,181000,brown,fair,gas,automatic,truck
3523,1992,ford,1800,330000,red,fair,gas,automatic,truck
3524,2003,ford,3800,175000,blue,fair,gas,automatic,truck
3525,2010,nissan,3000,183000,white,good,gas,automatic,SUV
3526,2003,FORD,8995,346000,blue,good,diesel,automatic,truck
3527,1987,Chevrolet,4000,77000,red,fair,gas,automatic,truck
3528,2009,2009,3900,197000,white,good,gas,automatic,SUV
3529,2005,lincoln,2895,136661,brown,good,gas,automatic,sedan
3530,2014,chevy,6995,118151,blue,good,gas,automatic,sedan
3532,2006,toyota,10900,239000,brown,good,gas,automatic,pickup
3533,2004,mercury,3900,146453,brown,fair,gas,automatic,van
3535,2004,cadillac,2000,133000,silver,good,gas,automatic,SUV
3536,2008,jeep,6475,175000,black,good,gas,automatic,SUV
3542,2012,GMC,9991,141728,silver,good,gas,automatic,SUV
3543,2017,Chevrolet,13991,103062,red,good,gas,automatic,sedan
3544,2004,gmc,6500,205000,black,good,gas,automatic,truck
3545,2006,2006,4995,160000,white,good,gas,automatic,wagon
3546,2011,Buick,8000,150000,white,good,gas,automatic,SUV
3547,2000,mercury,2000,200000,blue,good,gas,automatic,sedan
3548,2013,chrysler,6200,121544,grey,good,gas,automatic,sedan
3549,2006,FORD,10900,118000,white,good,diesel,manual,truck
3550,1974,CHEVROLET,7250,71000,orange,good,gas,automatic,pickup
3551,2008,GMC,12901,118476,red,good,other,automatic,pickup
3552,2000,Chevy,5995,269000,white,good,gas,automatic,truck
3553,1987,chevy,6000,150000,custom,fair,gas,automatic,SUV
3554,2002,CHEVY,2550,210500,silver,good,gas,automatic,SUV
3555,1999,honda,1800,250000,grey,good,gas,automatic,sedan
3556,2001,ford,3250,180000,silver,good,gas,automatic,SUV
3557,2006,nissan,2500,247800,blue,good,gas,automatic,sedan
3560,2009,Chevrolet,11990,63691,red,good,other,automatic,sedan
3561,2012,Lexus,24990,50998,black,good,gas,other,sedan
3562,2016,gmc,36500,140000,white,good,gas,automatic,truck
3563,2007,toyota,4950,199044,red,good,hybrid,automatic,hatchback
3566,2003,suburu,3000,410000,green,good,gas,automatic,sedan
3568,2001,ford,1800,290000,red,good,gas,automatic,SUV
3569,2010,FORD,16000,105000,black,good,gas,automatic,truck
3570,2016,Ford,30900,185585,white,good,diesel,automatic,truck
3571,2013,Ford,13900,303040,white,good,diesel,automatic,truck
3572,2014,Subaru,17990,34574,black,good,gas,other,wagon
3573,2004,toyota,21500,123000,grey,good,gas,automatic,SUV
3574,2011,nissan,5000,115553,silver,good,gas,automatic,hatchback
3575,2019,Hyundai,23000,12964,black,good,other,automatic,sedan
3576,2016,Dodge,14999,116679,black,good,other,automatic,van
3577,2016,Chevrolet,24950,111608,red,good,gas,automatic,pickup
3578,2016,Jeep,32950,76610,silver,good,gas,automatic,SUV
3579,2006,Dodge,10950,176560,white,good,gas,automatic,pickup
3581,2012,2012,13000,223000,silver,salvage,gas,automatic,truck
3582,2010,Chrysler,11990,71565,blue,good,other,automatic,sedan
3584,2014,Ford,25995,113702,grey,good,gas,automatic,truck
3585,2017,Cadillac,28990,21844,black,good,gas,other,sedan
3586,2019,Ford,17990,9868,black,good,gas,other,sedan
3588,2020,Toyota,22900,41623,black,good,other,automatic,sedan
3591,2017,Chevrolet,18990,17576,red,good,gas,other,sedan
3592,2005,Dodge,17950,190000,red,good,diesel,automatic,truck
3593,2013,Chevy,5950,137000,red,good,gas,automatic,sedan
3595,2006,Volkswagen,4450,98000,green,good,gas,automatic,coupe
3596,2003,honda,3699,190000,black,fair,gas,automatic,SUV
3597,2015,Dodge,11850,132000,white,good,gas,automatic,coupe
3598,2014,dodge,750,92000,black,good,gas,automatic,sedan
3599,2014,Chevy,9400,67000,blue,good,gas,automatic,sedan
3600,2000,ACURA,3350,211000,red,good,gas,automatic,sedan
3603,2017,MINI,26590,19173,black,good,gas,automatic,hatchback
3604,2017,GMC,34990,23032,white,good,gas,automatic,pickup
3605,2011,Toyota,19590,17949,white,good,other,other,sedan
3606,2007,FORD,4995,231000,grey,good,gas,automatic,truck
3607,2017,Honda,24990,30719,black,good,other,automatic,sedan
3608,2006,PONTIAC,3995,191000,silver,good,gas,automatic,sedan
3609,1999,MERCURY,2995,277000,grey,good,gas,automatic,SUV
3611,2021,Ford,35990,4439,silver,good,gas,other,pickup
3613,2008,FORD,6995,145000,silver,good,gas,automatic,coupe
3619,2017,Audi,33590,9799,blue,good,other,automatic,sedan
3620,2020,MINI,33990,3749,green,good,other,automatic,hatchback
3621,2016,Dodge,31590,27885,blue,good,gas,automatic,sedan
3622,1986,Ford,6495,106000,blue,good,gas,automatic,truck
3624,2010,Chevy,10850,101000,red,good,gas,automatic,pickup
3625,2004,Ford,14995,270000,white,good,diesel,automatic,SUV
3626,1979,Chevrolet,4050,126599,white,good,diesel,manual,pickup
3627,2017,Lincoln,18995,140000,white,good,gas,automatic,SUV
3628,2018,Nissan,17975,72625,red,good,gas,automatic,sedan
3630,2011,BMW,18990,72851,white,good,diesel,automatic,sedan
3631,2012,Toyota,18590,17697,silver,good,gas,other,sedan
3632,2016,Subaru,27590,21559,silver,good,gas,other,sedan
3633,2015,Nissan,20590,34789,silver,good,other,automatic,hatchback
3634,2021,Nissan,34590,825,blue,good,gas,other,pickup
3635,2013,MINI,15990,78541,silver,good,other,other,coupe
3636,2017,Hyundai,19990,30871,black,good,other,automatic,sedan
3637,2018,Chevrolet,20990,27748,red,good,gas,other,hatchback
3638,2013,MINI,18990,19838,red,good,gas,other,hatchback
3639,2016,Chevrolet,38590,13965,blue,good,gas,automatic,pickup
3640,2006,ford,9500,220000,brown,good,diesel,automatic,pickup
3644,2017,Toyota,29990,37830,black,good,gas,other,pickup
3646,2019,Honda,39990,5086,red,good,other,other,pickup
3648,2013,INFINITI,20590,61406,silver,good,other,automatic,sedan
3649,2013,Honda,23590,48108,red,good,gas,other,sedan
3650,2017,GMC,38990,102744,white,good,gas,automatic,pickup
3651,2019,Chevrolet,21590,19568,white,good,gas,other,hatchback
3653,2015,GMC,31990,33318,black,good,gas,other,pickup
3654,2015,Kia,15981,62473,blue,good,other,automatic,hatchback
3659,2001,GMC,27500,113000,custom,good,diesel,automatic,truck
3660,2005,Dodge,7500,165000,grey,good,gas,automatic,truck
3661,2018,Ram,33590,20153,silver,good,other,other,pickup
3662,2018,Volkswagen,19990,29854,black,good,gas,automatic,sedan
3663,2018,Toyota,33990,30613,orange,good,gas,other,pickup
3665,2015,Chevrolet,16590,71444,red,good,gas,other,sedan
3666,2013,INFINITI,23990,32802,white,good,gas,automatic,sedan
3667,2018,Cadillac,29590,17455,black,good,gas,other,sedan
3668,2017,Honda,26990,36297,blue,good,gas,other,sedan
3669,2018,Cadillac,29590,29531,silver,good,gas,other,sedan
3672,2019,Ford,17590,4685,black,good,gas,other,sedan
3673,2020,Kia,23990,3241,white,good,gas,other,wagon
3678,2005,jeep,2995,200000,brown,good,gas,automatic,SUV
3679,2007,mercedes-benz,6500,230000,silver,fair,gas,automatic,convertible
3680,2007,ford,3900,164000,blue,good,gas,automatic,SUV
3681,2019,Toyota,44900,55321,black,good,other,automatic,pickup
3682,1998,Chevrolet,30000,30301,blue,good,other,automatic,pickup
3683,2004,ford,11400,165000,red,good,diesel,automatic,truck
3684,2016,Chevrolet,28995,160531,white,good,diesel,automatic,pickup
3685,2016,Chevrolet,29995,153062,white,good,diesel,automatic,pickup
3686,2013,Chevrolet,28995,101870,white,good,gas,automatic,pickup
3687,2019,Chevrolet,24995,131759,white,good,gas,automatic,pickup
3688,2015,Chevrolet,26750,141912,white,good,gas,automatic,pickup
3689,1995,Mercedes,2450,193000,black,good,gas,automatic,sedan
3690,2003,mercedes,6450,114000,white,good,gas,automatic,coupe
3691,2012,ford,10000,236000,white,fair,diesel,automatic,pickup
3692,2018,chevy,19900,30000,red,good,gas,automatic,convertible
3693,2005,chevrolet,9000,183000,white,good,gas,automatic,SUV
3694,2007,2007,4000,158000,black,good,gas,automatic,sedan
3695,2015,Toyota,9750,228000,silver,good,gas,automatic,sedan
3696,2007,subaru,11750,122000,brown,good,gas,manual,hatchback
3697,2000,ford,12000,300509,white,good,diesel,automatic,truck
3698,1963,Ford,9000,66100,red,good,gas,manual,sedan
3699,2013,ford,17500,125700,white,good,gas,automatic,van
3700,2010,toyota,7900,146000,silver,good,gas,automatic,sedan
3701,2006,2006,3800,101741,silver,good,gas,automatic,sedan
3702,1975,1975,11500,58285,red,good,gas,automatic,coupe
3703,2006,Dodge,10500,203000,silver,good,gas,automatic,pickup
3704,2008,2008,5000,133000,silver,good,gas,automatic,wagon
3705,2008,mazda,3500,97746,black,good,gas,automatic,SUV
3706,1962,ford,17000,5000,black,good,gas,manual,coupe
3707,2000,chevrolet,7500,227630,white,good,gas,automatic,truck
3708,1999,1999,2200,134000,white,good,gas,automatic,sedan
3709,1969,1969,5700,76000,green,good,gas,manual,truck
3710,2007,Dodge,3500,235521,orange,good,gas,automatic,SUV
3711,2011,kia,5000,170500,black,good,gas,automatic,SUV
3712,2007,2007,5200,114807,brown,good,gas,automatic,sedan
3713,2006,chevrolet,2200,132160,custom,good,gas,automatic,sedan
3714,2007,2007,3000,250000,grey,good,gas,automatic,sedan
3715,2007,honda,4200,153000,blue,good,gas,automatic,sedan
3716,2009,bmw,8500,141000,blue,good,gas,automatic,sedan
3717,2006,volvo,3200,126345,black,good,gas,automatic,sedan
3819,2005,ford,4500,154000,blue,fair,gas,automatic,SUV
3820,2009,mercedes-benz,7499,171000,red,good,gas,automatic,convertible
3821,1985,linclon,2200,60000,red,good,gas,automatic,sedan
3822,2019,Ford,36995,125687,white,good,gas,automatic,pickup
3823,2009,2009,4500,132000,black,good,gas,automatic,SUV
3824,2016,Nissan,10850,75634,white,good,gas,automatic,hatchback
3827,2000,Chevrolet,3800,179312,custom,good,gas,automatic,sedan
3830,2002,nissan,1300,201401,green,good,gas,manual,sedan
3831,2007,Dodge,20000,179058,white,good,diesel,automatic,truck
3832,2011,chevy,3000,240000,white,good,gas,manual,sedan
3833,2013,ford,9500,206512,white,good,gas,automatic,pickup
3834,2005,pontiac,3000,176150,white,good,gas,automatic,sedan
3835,2004,chrysler,2000,164039,silver,fair,gas,automatic,SUV
3836,2014,chevy,25995,205000,red,good,gas,automatic,pickup
3837,2010,dodge,4500,184672,white,good,gas,automatic,mini-van
3838,2014,chevrolet,6295,114000,blue,good,gas,automatic,sedan
3839,2008,buick,4995,153000,grey,good,gas,automatic,sedan
3840,2012,gmc,8995,143000,blue,good,gas,automatic,SUV
3841,2002,saturn,1700,170000,blue,fair,gas,manual,sedan
3842,2011,kia,5200,95000,black,good,gas,automatic,sedan
3843,2005,hyundai,2500,137445,red,good,gas,automatic,sedan
3844,2008,2008,1500,209000,grey,salvage,gas,automatic,pickup
3845,2010,gmc,7500,271000,white,good,gas,automatic,SUV
3846,2013,Chevy,9990,219932,grey,good,gas,automatic,pickup
3847,2014,kia,6000,95735,silver,good,gas,automatic,sedan
3848,2011,ford,3950,153000,black,good,gas,automatic,sedan
3849,2001,honda,1750,267000,brown,fair,gas,automatic,mini-van
3850,2002,ford,2800,107115,silver,good,gas,automatic,sedan
3851,2003,gmc,4500,220000,white,good,gas,automatic,SUV
3852,2018,Ford,29987,129000,black,good,gas,automatic,truck
3853,2013,Ford,12987,132966,brown,good,gas,automatic,SUV
3854,2013,Ford,25987,116568,white,good,gas,automatic,truck
3855,2013,Chevrolet,26987,103000,white,good,gas,automatic,truck
3856,2015,Chevrolet,16987,93441,silver,good,gas,automatic,SUV
3857,2015,RAM,23987,128308,white,good,gas,automatic,truck
3858,2013,Cadillac,26987,126000,black,good,gas,automatic,SUV
3859,2016,Ford,36987,98191,silver,good,gas,automatic,truck
3860,2017,Ford,17987,102000,grey,good,gas,automatic,sedan
3861,2016,Ford,33987,141126,grey,good,gas,automatic,truck
3862,2012,Ford,13987,112000,silver,good,gas,automatic,SUV
3863,2003,ford,3950,178000,black,good,gas,manual,coupe
3864,1988,jeep,5000,150000,red,fair,gas,manual,SUV
3865,1993,ford,3950,184962,white,good,gas,automatic,pickup
3866,2006,2006,10995,248616,white,fair,diesel,automatic,truck
3867,2006,honda,6750,165000,brown,good,gas,manual,SUV
3868,2004,chevrolet,14479,167051,white,good,gas,automatic,truck
3869,1967,Chevy,4000,68700,red,good,gas,manual,truck
3870,1981,1981,1500,123456,grey,fair,diesel,manual,SUV
3871,2007,chevy,2700,270000,white,good,gas,automatic,van
3872,2013,chevrolet,16000,161601,yellow,good,gas,automatic,coupe
3873,1988,1988,12000,52000,red,good,gas,automatic,sedan
3874,2005,ford,7000,100516,white,fair,gas,automatic,SUV
3875,1997,Infiniti,2500,281000,white,good,gas,automatic,sedan
3876,2008,BMW,5500,130700,silver,good,gas,automatic,sedan
3877,2009,hyundai,3800,123588,grey,good,gas,automatic,sedan
3878,2004,saturn,1900,200000,green,good,gas,automatic,sedan
3879,2004,GMC,7900,21900,black,good,gas,automatic,pickup
3880,2014,dodge,19950,102000,black,good,gas,automatic,truck
3881,2008,honda,4000,250284,silver,good,gas,automatic,mini-van
3882,2013,DODGE,9950,140400,blue,good,gas,automatic,SUV
3883,2004,Chevrolet,19990,111975,white,good,other,automatic,pickup
3884,2013,mitsubishi,7996,131397,white,fair,gas,automatic,SUV
3885,1997,ford,1300,145000,white,fair,gas,automatic,truck
3886,2018,INFINITI,32990,22167,silver,good,other,automatic,hatchback
3887,2019,Nissan,29995,14939,white,good,other,automatic,pickup
3888,2017,Lexus,32990,22037,blue,good,other,automatic,hatchback
3890,2014,nissan,11300,114345,blue,good,gas,automatic,sedan
3891,2004,chevrolet,2500,327000,black,fair,gas,automatic,SUV
3892,2005,2005,2950,215496,white,good,gas,automatic,SUV
3893,2002,ford,12500,270000,white,good,diesel,automatic,pickup
3894,1996,DODGE,2750,191004,red,good,gas,automatic,truck
3895,2006,honda,4375,197222,black,good,gas,automatic,sedan
3896,2010,jeep,7100,158375,red,good,gas,automatic,SUV
3897,2008,mercury,5475,143218,blue,good,gas,automatic,sedan
3898,2007,honda,3775,235707,custom,good,gas,automatic,SUV
3899,2007,ford,8275,183178,blue,good,gas,automatic,truck
3900,2020,Toyota,23941,11004,blue,good,other,automatic,sedan
3901,2009,Hyundai,2000,170000,grey,fair,gas,automatic,sedan
3902,2007,2007,4850,199000,grey,good,gas,automatic,pickup
3903,1971,71,12995,29251,orange,good,gas,manual,convertible
3904,2003,bmw,3500,162234,blue,good,gas,automatic,convertible
3905,2006,chevrolet,4950,178000,brown,good,gas,automatic,sedan
3906,2010,ford,9200,104230,white,good,gas,automatic,pickup
3907,1996,GMC,2500,297000,black,fair,gas,automatic,pickup
3908,2013,chevy,14990,1234,red,good,gas,automatic,truck
3909,1994,chevy,8500,189000,red,good,gas,automatic,truck
3910,2003,Chevrolet,22988,76878,silver,good,other,automatic,pickup
3912,2002,toyota,5750,283000,white,fair,gas,manual,pickup
3913,2008,CHEVROLET,7495,246000,black,good,gas,automatic,truck
3914,2012,ford,19990,125000,yellow,good,gas,automatic,truck
3917,2014,Subaru,19990,42949,black,good,gas,automatic,hatchback
3920,2009,chevrolet,10500,203160,silver,good,gas,automatic,SUV
3921,2003,eep,4250,236591,black,good,gas,automatic,SUV
3922,2008,gmc,24500,155807,black,good,gas,automatic,truck
3923,2004,gmc,6450,213967,white,good,gas,automatic,SUV
3924,2004,chevy,2450,229000,yellow,good,gas,automatic,pickup
3925,2014,Nissan,12991,116050,white,good,other,automatic,van
3926,2019,Nissan,18700,30229,silver,good,other,automatic,sedan
3927,2004,acura,1650,183000,silver,fair,gas,automatic,sedan
3928,2017,chevrolet,40000,205500,silver,good,diesel,automatic,truck
4018,2007,Dodge,13900,71540,white,good,other,automatic,pickup
4019,2017,Subaru,22990,42496,blue,good,other,automatic,hatchback
4021,2003,ford,1500,600000,red,fair,gas,automatic,truck
4022,2016,Chevy,28990,52668,grey,good,gas,automatic,SUV
4023,2014,Volkswagen,17990,70281,white,good,diesel,automatic,wagon
4024,2014,Volkswagen,21590,34128,white,good,other,automatic,wagon
4025,2015,GMC,40995,56628,white,good,diesel,automatic,truck
4026,2012,GMC,24990,75781,black,good,gas,other,pickup
4027,2013,Nissan,24990,79414,silver,good,gas,other,pickup
4028,2018,Subaru,29990,5095,white,good,other,automatic,hatchback
4029,2014,Subaru,12978,94823,silver,good,other,automatic,sedan
4030,2015,Subaru,27990,33380,black,good,gas,other,sedan
4031,2015,Honda,30590,35230,white,good,gas,other,van
4033,1953,CHEVROLET,1010101,1010101,blue,fair,gas,manual,SUV
4034,2015,Toyota,20990,60492,red,good,hybrid,automatic,hatchback
4035,2014,Toyota,23990,50232,silver,good,other,other,van
4036,2018,Nissan,25990,17014,white,good,gas,other,pickup
4037,2021,Subaru,34990,2009,black,good,gas,automatic,hatchback
4038,1980,4D,995,142000,brown,fair,diesel,automatic,sedan
4039,2018,Honda,38990,22492,silver,good,gas,other,van
4040,2018,MAZDA,26590,11599,blue,good,other,automatic,sedan
4042,2016,BMW,31990,25760,white,good,other,other,sedan
4044,2019,Chevrolet,32993,57504,silver,good,gas,automatic,pickup
4045,1993,mitsubishi,6500,148000,red,good,gas,manual,coupe
4046,2012,FORD,16995,300000,white,good,diesel,automatic,pickup
4047,2016,Ram,32990,55838,white,good,other,other,pickup
4049,2018,Toyota,45461,67351,orange,good,other,automatic,pickup
4050,2015,Kia,12948,118399,white,good,other,automatic,sedan
4052,2019,Jeep,27987,23141,white,good,gas,automatic,hatchback
4053,2017,Nissan,29990,7822,white,good,other,other,pickup
4055,2016,Ford,29990,20458,silver,good,gas,other,pickup
4056,2019,Ford,37990,15585,blue,good,other,other,pickup
4057,2020,GMC,34990,3437,white,good,gas,other,pickup
4058,2010,dodge,25500,217000,grey,good,diesel,automatic,pickup
4059,2016,Ram,28990,60772,white,good,gas,other,pickup
4061,2019,Nissan,26590,13730,white,good,gas,other,pickup
4062,2001,chevrolet,2600,248777,green,good,gas,automatic,SUV
4063,2004,toyota,2995,256777,red,good,gas,automatic,sedan
4064,2013,Honda,28990,63433,silver,good,gas,other,pickup
4065,2014,Toyota,19590,96320,white,good,other,other,pickup
4066,2013,BMW,27990,49301,blue,good,other,other,coupe
4067,2017,Toyota,32990,31492,black,good,gas,automatic,van
4069,2017,Subaru,27590,34165,blue,good,other,other,sedan
4070,2014,Chevrolet,32590,31391,white,good,other,automatic,pickup
4072,2016,BMW,36990,32051,silver,good,gas,other,sedan
4073,2018,Kia,18990,22730,blue,good,gas,other,sedan
4075,2019,Ford,31990,6307,white,good,other,other,pickup
4076,1993,1993,2500,210300,black,fair,gas,manual,truck
4078,2014,Ford,29590,24702,blue,good,other,other,pickup
4079,2011,Toyota,25990,55899,silver,good,gas,other,pickup
4080,2015,Ram,35990,58668,silver,good,other,other,pickup
4081,2019,Nissan,27990,20354,white,good,electric,other,pickup
4082,2015,Chevrolet,30990,10295,red,good,gas,other,coupe
4083,2013,Cadillac,23990,32759,red,good,other,other,sedan
4084,2012,MINI,18590,61429,black,good,other,other,hatchback
4085,2018,Kia,18590,21567,black,good,gas,other,sedan
4086,2018,GMC,28990,21103,white,good,gas,other,pickup
4088,2012,chevrolet,11200,217000,blue,good,gas,automatic,truck
4090,2000,Chevrolet,8300,171870,red,good,gas,automatic,pickup
4091,2018,Ford,30990,12270,white,good,gas,other,pickup
4094,2011,chevrolet,3999,163221,silver,good,gas,automatic,sedan
4095,2008,dodge,2900,177221,brown,good,gas,automatic,sedan
4096,2014,Toyota,25590,49941,white,good,gas,other,pickup
4100,2018,Toyota,22990,11133,white,good,gas,automatic,hatchback
4101,2017,Subaru,26990,42819,black,good,gas,other,sedan
4102,2013,Volkswagen,18990,62470,silver,good,gas,automatic,wagon
4104,2018,Kia,19990,5580,white,good,gas,other,sedan
4108,2006,Honda,4600,212000,black,good,gas,automatic,SUV
4109,2010,gmc,8900,164000,white,good,gas,automatic,pickup
4110,2017,Nissan,21995,111311,white,good,gas,automatic,pickup
4111,2006,Pontiac,21500,55982,blue,good,gas,manual,coupe
4112,2004,Isuzu,16995,127067,white,good,gas,automatic,pickup
4113,2012,Honda,12595,121003,blue,good,gas,automatic,sedan
4114,2014,Honda,24395,85290,white,good,gas,automatic,van
4115,2010,ford,11900,155000,silver,good,gas,automatic,truck
4117,1958,1958,1000,20140,red,good,other,other,van
4118,2002,toyota,1300,249000,silver,fair,gas,automatic,coupe
4119,1990,Ford,8000,97000,red,fair,gas,manual,SUV
4120,2017,2017,13998,41550,blue,good,gas,automatic,hatchback
4121,2003,chevy,4000,351600,grey,good,gas,automatic,pickup
4122,2016,Subaru,18888,44900,silver,good,gas,automatic,wagon
4123,2015,jeep,22500,75000,grey,salvage,gas,manual,SUV
4124,2016,Subaru,17777,48500,brown,good,gas,automatic,wagon
4202,1997,buick,3300,134000,silver,good,gas,automatic,sedan
4203,2011,ford,6000,160000,white,good,gas,automatic,truck
4204,2006,pontiac,4000,158000,white,good,gas,automatic,sedan
4205,2018,chevrolet,12998,42250,white,good,gas,automatic,hatchback
4206,1998,chevrolet,800,130000,white,salvage,gas,automatic,SUV
4207,1998,Lincoln,3500,113000,custom,good,gas,automatic,sedan
4209,2011,nissan,5000,140000,silver,good,gas,automatic,sedan
4210,1996,chevrolet,500,132000,white,fair,gas,manual,truck
4211,2003,mercury,2150,144440,black,good,gas,automatic,sedan
4212,1994,1994,1500,233000,purple,fair,gas,manual,truck
4214,2008,2008,5000,176000,blue,good,gas,automatic,SUV
4215,2002,jeep,2800,233000,red,good,gas,automatic,SUV
4216,2007,Ford,10500,144000,orange,fair,gas,manual,coupe
4217,2013,bmw,10000,102448,black,fair,gas,automatic,SUV
4218,2005,toyota,9500,101000,white,good,gas,automatic,mini-van
4219,2000,lexus,15000,197000,white,good,gas,automatic,offroad
4220,2012,chevy,4500,168000,silver,fair,gas,automatic,SUV
4221,1970,Volkswagen,7500,55098,grey,good,gas,manual,sedan
4222,1950,Dodge,13900,7053,blue,good,gas,manual,sedan
4223,2015,chevy,9700,135634,black,good,gas,automatic,SUV
4224,2013,gmc,14000,123771,white,good,gas,automatic,SUV
4225,2005,2005,2000,180330,brown,good,gas,automatic,sedan
4226,1967,Ford,15950,48000,blue,good,gas,automatic,sedan
4227,2005,ford,1500,200000,black,good,gas,automatic,truck
4228,2014,dodge,9999,66000,blue,good,gas,automatic,coupe
4229,2004,Ford,4995,191000,white,good,gas,automatic,SUV
4230,2005,gmc,3995,171000,silver,good,gas,automatic,SUV
4231,2013,nissan,8500,114000,white,good,gas,automatic,wagon
4232,2004,chevrolet,9600,192000,red,good,gas,automatic,pickup
4233,2004,Dodge,18000,235000,white,good,diesel,automatic,truck
4234,1973,dodge,17500,24800,red,good,gas,manual,coupe
4235,2001,ford,2750,184000,red,good,gas,automatic,van
4236,2012,chevy,3800,231582,grey,good,gas,automatic,SUV
4237,2007,Chevrolet,5000,191145,silver,fair,gas,automatic,SUV
4238,2007,gmc,4500,247000,white,fair,gas,automatic,van
4239,2004,chevrolet,500,260000,silver,fair,gas,manual,coupe
4240,2016,Subaru,29990,17095,blue,good,gas,automatic,wagon
4241,2016,Chevrolet,24990,28668,white,good,other,other,pickup
4242,2011,Ford,17990,64455,blue,good,other,other,pickup
4243,2013,Chevrolet,29990,50203,black,good,other,other,pickup
4244,2013,Chevrolet,26590,70895,black,good,gas,other,pickup
4245,1992,1992,6500,246800,white,fair,gas,automatic,SUV
4246,1995,dodge,999,266300,green,salvage,gas,automatic,pickup
4249,1956,pontiac,12500,105000,white,good,gas,automatic,coupe
4251,2019,Volkswagen,30990,8399,white,good,other,other,sedan
4254,1993,chevy,1500,196723,red,fair,gas,automatic,pickup
4256,2018,Subaru,32990,14903,blue,good,other,automatic,hatchback
4257,2010,Ford,19995,193000,black,good,diesel,automatic,truck
4261,2016,Chevrolet,36990,31397,red,good,gas,automatic,pickup
4265,2017,Chevrolet,34590,21762,white,good,gas,automatic,pickup
4266,2005,jeep,3400,194000,black,good,gas,automatic,offroad
4267,2009,MAZDA,15990,56823,red,good,other,other,hatchback
4269,2018,Toyota,22990,25887,silver,good,other,other,hatchback
4270,2010,Honda,16990,62999,white,good,gas,other,coupe
4271,2020,Volkswagen,32990,9676,blue,good,gas,automatic,sedan
4272,2019,Ford,34990,15262,white,good,other,other,pickup
4273,2013,Toyota,26990,89253,white,good,gas,automatic,pickup
4274,2007,ford,12500,122235,blue,good,gas,automatic,truck
4276,2017,Toyota,21990,27061,silver,good,other,automatic,hatchback
4278,2013,Toyota,30990,40846,white,good,gas,other,pickup
4279,2006,jeep,7500,90000,grey,good,gas,manual,SUV
4281,2013,Subaru,22590,54496,green,good,gas,automatic,hatchback
4282,2017,Nissan,22590,35761,silver,good,other,automatic,sedan
4283,2020,Ford,30990,5445,white,good,gas,other,pickup
4286,2018,Ford,35990,13821,red,good,gas,automatic,pickup
4287,2015,Honda,26590,11470,black,good,other,other,coupe
4288,2017,Nissan,26990,27381,black,good,other,other,pickup
4290,2012,Ford,29990,78575,brown,good,other,other,pickup
4293,2012,Toyota,32590,51356,red,good,gas,other,pickup
4296,2017,Toyota,39990,36207,white,good,other,automatic,pickup
4299,2015,Nissan,24590,47782,white,good,gas,other,pickup
4301,1998,ford,2950,269990,green,good,gas,automatic,truck
4302,2019,Nissan,19990,11322,white,good,gas,automatic,sedan
4303,2013,Chevrolet,27990,75249,white,good,gas,other,pickup
4306,2014,Volkswagen,20990,42327,brown,good,other,automatic,hatchback
4391,2013,Honda,22990,22140,red,good,other,other,coupe
4395,2020,Ford,32590,4302,blue,good,gas,other,pickup
4396,2012,Cadillac,24590,39879,blue,good,gas,other,coupe
4399,2000,ford,6250,111000,grey,good,gas,automatic,truck
4400,2003,Blazer,3500,190000,brown,good,gas,automatic,SUV
4401,2004,Pontiac,2500,167000,silver,fair,gas,automatic,sedan
4402,2003,Oldsmobile,2950,187000,white,good,gas,automatic,mini-van
4403,2007,2007,6200,190000,red,good,gas,automatic,SUV
4404,2019,Chevrolet,48995,91159,white,good,diesel,automatic,pickup
4405,2017,RAM,36995,95294,white,good,gas,automatic,pickup
4406,2019,Chevrolet,36995,100774,white,good,gas,automatic,pickup
4407,2005,toyota,2500,266354,silver,good,gas,automatic,sedan
4409,2005,pontiac,3000,253123,grey,good,gas,automatic,sedan
4410,2005,chevrolet,15000,285000,white,good,diesel,automatic,truck
4411,2013,Ford,11500,116000,grey,good,gas,automatic,SUV
4412,2002,ford,1500,223812,silver,fair,gas,automatic,SUV
4413,1987,1987,13000,59600,red,good,gas,manual,hatchback
4414,1993,thomas,12000,1,yellow,good,diesel,automatic,bus
4415,2002,mitsubishi,2700,161000,silver,good,gas,automatic,sedan
4416,2006,ford,7000,223000,brown,good,gas,automatic,truck
4417,1969,ford,4000,1932,black,good,gas,manual,coupe
4418,2005,volvo,2800,155000,white,good,gas,automatic,sedan
4419,2014,Chevy,7400,110000,black,good,gas,automatic,SUV
4420,2010,Honda,9950,164942,grey,good,gas,automatic,SUV
4421,2000,ford,8000,200000,white,good,diesel,automatic,pickup
4422,2017,Ford,34900,98000,black,good,gas,automatic,SUV
4424,2000,isuzu,2000,217522,silver,fair,gas,automatic,SUV
4429,2006,Hyundai,3200,150000,silver,good,gas,automatic,sedan
4433,2013,Freightliner,41500,726000,white,good,diesel,manual,truck
4434,2010,subaru,7900,120000,brown,good,gas,automatic,sedan
4435,2011,subaru,7900,101404,red,good,gas,manual,sedan
4436,2006,ford,1500,200000,green,good,gas,automatic,sedan
4437,2005,toyota,4300,240000,silver,good,gas,automatic,SUV
4438,1999,gmc,4000,179000,red,good,gas,automatic,SUV
4439,1988,Chevrolet,8995,80855,brown,good,gas,manual,SUV
4440,1981,Chevrolet,24995,21847,red,good,gas,automatic,coupe
4441,2013,Buick,6950,149088,black,fair,gas,automatic,SUV
4442,2018,Jeep,37995,45000,white,good,gas,automatic,wagon
4443,2014,Chrysler,4900,121700,grey,good,gas,automatic,sedan
4444,2003,toyota,6990,267400,white,good,gas,automatic,truck
4757,2021,Chevrolet,25990,6601,silver,good,gas,automatic,sedan
4758,2015,Chevrolet,17990,44270,silver,good,gas,other,sedan
4759,2018,Nissan,20990,24345,black,good,gas,automatic,sedan
4760,2017,Buick,24590,13733,silver,good,other,other,sedan
4761,2019,Alfa,36990,19057,red,good,gas,other,hatchback
4763,2021,Chevrolet,31590,2069,black,good,gas,other,coupe
4765,2019,MINI,26990,10139,white,good,other,other,hatchback
4766,2003,mini,800,147500,red,fair,gas,manual,hatchback
4767,2003,infinity,5500,145000,blue,good,gas,automatic,coupe
4768,2007,Chrysler,4100,65000,white,good,gas,automatic,convertible
4769,2016,toyota,13500,190000,blue,good,gas,automatic,sedan
4770,2007,Chevy,23000,104900,white,good,gas,automatic,van
4771,2003,gmc,5200,137000,white,good,gas,automatic,SUV
4772,2004,bmw,5000,110597,grey,good,gas,automatic,convertible
4773,2007,toyota,7500,1970000,blue,good,gas,automatic,SUV
4774,2006,volkswagen,3500,171645,grey,good,gas,automatic,sedan
4775,2003,mercedes,1500,200000,white,good,gas,automatic,sedan
4776,1999,Honda,3100,192000,white,good,gas,automatic,sedan
4777,2015,Ram,34000,127000,black,good,diesel,automatic,pickup
4778,1996,dodge,3000,200000,red,good,gas,automatic,pickup
4779,1996,Cutlass,2800,83000,blue,good,gas,automatic,coupe
4780,2010,nissan,5995,65952,silver,good,gas,automatic,sedan
4781,1991,jeep,3250,175245,black,good,gas,automatic,SUV
4782,1986,F350,5200,84784,white,good,gas,manual,truck
4784,1998,Ford,5999,68620,white,good,gas,automatic,sedan
4785,2003,chevrolet,900,144440,white,fair,gas,automatic,van
4786,1999,honda,2600,209000,silver,good,gas,automatic,sedan
4787,2001,kia,650,200000,grey,fair,gas,automatic,SUV
4788,2005,ford,6800,169301,white,fair,diesel,automatic,truck
4789,2001,Ford,7000,308000,yellow,salvage,diesel,automatic,truck
4790,1999,GMC,1500,166000,red,good,gas,automatic,SUV
4791,2006,bmw,2500,129000,black,fair,gas,automatic,SUV
4792,1997,bmw,1000,160000,black,fair,gas,automatic,sedan
4793,2004,dodge,19000,210000,white,good,diesel,automatic,truck
4794,1996,cadillac,2000,169088,green,good,gas,automatic,sedan
4795,2008,ford,4000,160000,green,salvage,gas,automatic,SUV
4796,2002,Chevy,3500,168360,silver,good,gas,manual,sedan
4797,2000,Ford,8100,190000,black,good,gas,automatic,truck
4798,2003,Toyota,7900,266000,black,good,gas,manual,truck
4799,1977,fiat,3500,60000,red,fair,gas,manual,convertible
4800,2005,infiniti,2800,177865,black,good,gas,automatic,sedan
4801,2016,toyota,35500,97000,black,good,gas,automatic,SUV
4802,2013,HONDA,12900,132663,grey,good,gas,automatic,coupe
4803,1995,F,6000,306000,white,good,diesel,automatic,pickup
4804,2017,dodge,17988,101572,black,good,gas,automatic,sedan
4805,2003,Mazda,3400,128678,silver,good,gas,automatic,SUV
4806,2003,subaru,4988,174608,green,good,gas,automatic,wagon
4807,2017,Hyundai,15500,66258,white,good,gas,automatic,hatchback
4808,1995,Mercedes,8500,150000,red,good,gas,automatic,convertible
4809,1995,Mercedes,4000,83000,grey,good,gas,automatic,sedan
4810,2014,2014,25000,139000,white,good,diesel,automatic,truck
4811,2014,Subaru,16997,51520,white,good,gas,manual,wagon
4812,2006,Chrysler,8997,94801,grey,good,gas,automatic,SUV
4813,2014,Kia,12997,134584,blue,good,gas,automatic,SUV
4814,2018,RAM,31991,86274,black,good,gas,automatic,truck
4815,2006,Chrysler,5988,85679,red,good,gas,automatic,convertible
4817,2005,Ford,2500,173600,blue,good,gas,automatic,SUV
4818,2001,Dodge,17700,199000,red,good,diesel,manual,truck
4819,2000,2000,1200,164000,grey,fair,gas,automatic,coupe
4820,2010,chevrolet,14995,180279,grey,good,gas,automatic,truck
4821,2002,Ford,15000,287500,red,good,diesel,automatic,truck
4822,2011,nissan,9000,99463,purple,good,gas,automatic,SUV
4823,2011,ford,5600,209000,white,good,gas,automatic,sedan
4824,2000,ford,1100,224000,red,good,gas,manual,sedan
4825,2015,jeep,33000,88600,black,good,gas,automatic,SUV
4826,2006,dodge,25,300000,red,good,diesel,automatic,pickup
4827,2013,Subaru,16900,74592,silver,good,gas,automatic,wagon
4828,2003,dodge,3000,150000,blue,good,gas,manual,sedan
4829,2005,jaguar,5000,76900,silver,good,gas,automatic,wagon
4830,2005,ford,2500,190000,red,fair,gas,manual,truck
4831,2013,vw,12000,130670,blue,good,gas,automatic,SUV
4832,2008,dodge,1600,148000,grey,good,gas,automatic,sedan
4833,2001,dodge,3200,383643,white,good,gas,automatic,pickup
4834,2012,Subaru,14995,140000,brown,good,gas,automatic,wagon
4835,2007,ford,9500,125000,red,good,gas,manual,coupe
4836,2004,bmw,4500,146000,silver,good,gas,automatic,sedan
4837,2002,2002,5000,43476,red,good,gas,automatic,sedan
4838,2016,chevrolet,34900,109530,red,good,gas,automatic,truck
4839,2013,jeep,15750,130000,white,good,gas,automatic,SUV
4840,2012,ford,3500,139000,white,good,gas,automatic,sedan
4841,2017,BMW,38999,38105,black,good,gas,other,sedan
4842,2020,Kia,42999,27275,white,good,gas,automatic,hatchback
4843,2018,Dodge,39499,29296,white,good,gas,automatic,hatchback
4845,2008,ford,9497,139000,blue,good,gas,automatic,SUV
4846,2018,Mercedes-Benz,32990,18918,black,good,other,other,coupe
4848,2013,Chevrolet,18998,95314,white,good,gas,automatic,truck
4849,2015,Dodge,16998,80946,white,good,gas,automatic,wagon
4850,2015,GMC,19998,112169,white,good,gas,automatic,truck
4851,2014,Ford,17998,123481,white,good,gas,automatic,truck
4852,2015,Dodge,17498,79026,black,good,gas,automatic,wagon
4853,2015,Volkswagen,19990,49219,black,good,gas,automatic,wagon
4854,2001,volvo,700,228600,black,fair,gas,automatic,wagon
4855,2013,Mercedes-Benz,27990,58846,black,good,gas,automatic,SUV
4857,2008,gmc,10900,212120,brown,good,gas,automatic,SUV
4858,2005,Volvo,5000,186500,black,good,gas,manual,sedan
4859,2007,chevrolet,11950,119729,white,good,gas,automatic,truck
4861,2020,Chevrolet,25990,1785,black,good,gas,other,hatchback
4862,2013,Nissan,15590,75439,white,good,other,automatic,hatchback
4863,2016,jeep,33900,62000,white,good,gas,automatic,SUV
4864,2011,chevrolet,12950,121729,silver,fair,gas,automatic,truck
4865,2019,MINI,33590,16706,red,good,other,other,hatchback
4970,2016,Lexus,39990,22364,white,good,other,other,coupe
4971,2014,Chevrolet,31990,58967,black,good,gas,automatic,pickup
4972,2014,Chevrolet,34590,647,red,good,gas,automatic,coupe
4973,2017,Honda,19590,30023,black,good,other,automatic,hatchback
4975,2014,Mercedes-Benz,27990,23921,white,good,other,automatic,coupe
4976,1998,gmc,3500,138622,red,good,gas,manual,truck
4978,2021,Kia,33990,3781,red,good,other,other,sedan
4979,1982,1982,3000,166000,red,good,diesel,manual,hatchback
4980,2019,Volkswagen,27990,4017,blue,good,other,other,sedan
4982,2005,toyota,5000,148500,silver,good,gas,automatic,sedan
4983,2012,Toyota,24990,70801,silver,good,other,other,pickup
4985,2019,Ford,30990,35653,white,good,gas,other,van
4986,2014,hyundai,16200,85000,silver,good,gas,automatic,SUV
4987,2019,Nissan,24990,20480,white,good,other,other,pickup
4990,2016,INFINITI,23990,53396,white,good,gas,automatic,hatchback
4992,2019,Nissan,28990,21054,black,good,gas,other,pickup
4994,2007,Toyota,8200,143000,white,good,gas,automatic,SUV
4995,2012,Nissan,18990,45215,purple,good,gas,automatic,hatchback
4996,2016,Kia,16990,37744,blue,good,gas,automatic,hatchback
4998,2019,Alfa,31990,10153,white,good,other,other,sedan
4999,2013,Audi,22990,59767,black,good,other,automatic,coupe
5000,2016,MINI,28990,23092,black,good,gas,other,hatchback
5001,2015,BMW,28990,67171,black,good,gas,other,coupe
5002,1989,1989,1500,80000,red,good,gas,automatic,sedan
5003,2001,toyota,8000,171000,white,good,gas,automatic,SUV
5004,2015,Mercedes,30000,81500,black,good,diesel,automatic,van
5005,2006,HONDA,10600,158771,red,good,gas,automatic,sedan
5006,2014,Audi,14000,71721,white,good,gas,automatic,sedan
5007,1999,honda,2000,165000,green,good,gas,automatic,coupe
5008,1969,1969,5000,10,red,good,gas,manual,convertible
5009,2000,bmw,4499,124941,white,good,gas,automatic,sedan
5010,2017,Nissan,13000,53651,silver,good,gas,automatic,truck
5011,2011,mazda,4000,176000,black,good,gas,manual,hatchback
5012,1951,1951,6500,53000,black,good,gas,manual,coupe
5013,1999,gmc,2250,191268,black,fair,gas,automatic,SUV
5014,2007,2007,3800,160000,grey,fair,gas,automatic,truck
5015,2007,toyota,16800,168266,silver,good,gas,automatic,truck
5016,1999,toyota,1250,265000,black,fair,gas,automatic,SUV
5017,1996,dodge,8000,266800,white,good,diesel,manual,pickup
5018,2010,lincoln,6250,146500,black,good,gas,automatic,SUV
5019,1973,chevrolet,2500,130433,green,good,gas,manual,pickup
5020,2011,audi,9999,128000,blue,good,gas,automatic,wagon
5021,2003,ford,13000,195572,red,good,diesel,automatic,pickup
5022,2012,ford,13900,137135,white,good,gas,automatic,van
5023,2001,honda,2992,219913,blue,good,gas,automatic,SUV
5024,1996,Ford,6500,188000,brown,good,gas,manual,truck
5025,2006,honda,5800,22400,grey,good,gas,automatic,pickup
5026,2004,chevrolet,2000,143744,red,good,gas,automatic,sedan
5027,2010,ford,3800,177000,silver,fair,gas,automatic,sedan
5028,2006,Chevrolet,8900,135252,white,good,gas,automatic,pickup
5029,2016,KIA,10900,108915,blue,good,gas,automatic,hatchback
5030,1995,infiniti,1500,167500,silver,good,gas,manual,coupe
5031,2002,toyota,4800,158000,blue,good,hybrid,automatic,sedan
5032,2014,jeep,11250,80701,grey,good,gas,automatic,SUV
5033,2015,Ford,43950,73100,white,good,diesel,automatic,pickup
5034,2001,CHEVROLET,3500,213020,grey,good,gas,automatic,SUV
5035,2008,nissan,5999,140000,black,good,gas,automatic,sedan
5036,2005,toyota,12900,194000,white,good,gas,automatic,SUV
5037,1980,Toyota,14900,83000,blue,good,gas,manual,pickup
5038,1939,Opera,10000,55772,black,good,gas,manual,coupe
5039,2007,bmw,4500,120000,blue,fair,gas,automatic,wagon
5040,2000,dodge,10900,360000,white,good,diesel,manual,pickup
5041,2005,Lexus,14000,196800,silver,good,gas,automatic,SUV
5042,2003,subaru,2500,340374,red,good,gas,automatic,SUV
5043,1989,ford,8000,79000,orange,good,gas,automatic,van
5044,2014,ford,10500,126052,silver,good,gas,automatic,sedan
5045,2014,mercedes-benz,22000,100000,black,fair,diesel,automatic,van
5046,2014,2014,5000,155000,blue,good,gas,automatic,sedan
5047,2007,2007,20000,122332,yellow,good,gas,automatic,SUV
5048,1997,ford,3000,250000,red,fair,gas,automatic,truck
5049,2015,jeep,14488,105187,black,good,gas,automatic,SUV
5050,2016,toyota,21988,152351,black,good,gas,automatic,SUV
5051,2014,subaru,16488,111831,red,good,gas,automatic,SUV
5052,2014,gmc,11488,140974,blue,good,gas,automatic,SUV
5053,2012,NISSAN,10988,90911,silver,good,gas,automatic,SUV
5054,2010,acura,9500,195000,grey,good,gas,automatic,SUV
5055,2011,kia,8000,141000,red,good,gas,automatic,SUV
5056,2006,Ford,1250,215000,silver,fair,gas,automatic,SUV
5057,1997,jeep,3500,320,silver,good,gas,automatic,SUV
5058,2001,bmw,4300,190,black,good,gas,manual,coupe
5059,2006,Jeep,4700,221000,blue,good,gas,automatic,SUV
5060,2016,Kia,13950,71009,grey,good,gas,automatic,wagon
5061,2017,Kia,18950,29396,red,good,gas,automatic,sedan
5062,2016,Chevrolet,22350,30636,black,good,gas,automatic,SUV
5063,2006,porsche,7200,112345,silver,good,gas,manual,convertible
5064,2017,Toyota,19950,47667,white,good,gas,automatic,sedan
5065,1989,toyota,10000,151000,grey,good,gas,automatic,SUV
5066,2019,Subaru,30400,32167,custom,good,gas,automatic,wagon
5067,2016,Subaru,23900,75677,blue,good,gas,manual,sedan
5068,2017,Subaru,18900,90975,grey,good,gas,automatic,sedan
5069,2019,Subaru,34400,31129,blue,good,gas,manual,sedan
5070,2017,Subaru,24400,23294,white,good,gas,manual,sedan
5071,2016,Volkswagen,20900,59451,grey,good,gas,manual,hatchback
5072,2013,Subaru,22900,61977,white,good,gas,manual,sedan
5073,2015,Subaru,16900,51763,grey,good,gas,automatic,wagon
5074,2016,Honda,29900,79849,blue,good,gas,automatic,SUV
5075,1981,Chevrolet,900,51403,blue,fair,gas,automatic,pickup
5076,2014,Subaru,14597,150090,white,good,other,automatic,SUV
5077,2014,Volkswagen,17297,66984,black,good,other,automatic,hatchback
5078,2019,Toyota,40497,24238,white,good,other,automatic,sedan
5079,2015,VOLKSWAGEN,13900,118740,black,good,gas,automatic,sedan
5080,1963,ford,3500,11000,white,good,gas,manual,pickup
5081,2013,BMW,14500,114656,black,good,gas,automatic,SUV
5082,2004,2004,6500,194000,silver,good,gas,manual,coupe
5083,2007,BMW,7500,142000,blue,good,gas,manual,sedan
5084,1999,bmw,19500,69127,blue,good,gas,manual,convertible
5085,2006,hummer,8998,190000,blue,good,gas,automatic,SUV
5086,1997,Chevy,6500,220000,black,fair,gas,automatic,pickup
5087,2008,2008,7998,150000,black,good,gas,automatic,SUV
5088,2007,honda,6998,150000,blue,good,gas,automatic,sedan
5089,2003,volkswagen,2998,188000,green,good,gas,automatic,wagon
5090,2002,honda,2998,244000,silver,good,gas,automatic,van
5091,2002,honda,2998,325000,white,good,gas,automatic,SUV
5093,2007,honda,5998,177000,black,good,gas,automatic,sedan
5094,2012,Acura,22990,34589,silver,good,other,automatic,sedan
5095,2014,dodge,11500,140000,black,good,gas,automatic,truck
5096,2005,honda,5998,221000,silver,good,gas,automatic,SUV
5097,2011,Ram,19990,82300,green,good,gas,other,pickup
5098,2004,jeep,5998,173000,silver,good,gas,automatic,SUV
5099,2012,Volkswagen,17990,73606,white,good,gas,automatic,sedan
5100,2007,volkswagen,3998,183000,white,good,gas,automatic,sedan
5101,2008,saturn,3998,153000,white,good,gas,automatic,hatchback
5102,2011,Buick,18590,28340,white,good,gas,other,sedan
5104,2012,Toyota,18990,45162,silver,good,gas,other,wagon
5105,2013,Chrysler,22590,37689,black,good,gas,automatic,sedan
5106,2017,Ram,27990,39496,white,good,other,other,pickup
5107,2014,BMW,30990,44271,black,good,gas,automatic,sedan
5108,2018,Ford,24990,10581,silver,good,gas,other,sedan
5109,2016,Chevrolet,18590,64808,red,good,gas,automatic,sedan
5110,2021,Toyota,28990,15397,black,good,gas,automatic,sedan
5111,2013,Hyundai,20990,74539,black,good,other,other,coupe
5112,2019,Cadillac,35590,14276,black,good,gas,other,sedan
5113,2015,land,70000,29000,blue,good,gas,automatic,SUV
5114,2016,Chevrolet,16990,72223,silver,good,other,automatic,sedan
5115,2014,Dodge,20990,33231,blue,good,other,other,van
5117,2016,Chevrolet,16990,71681,silver,good,gas,automatic,sedan
5118,1999,Jeep,2500,250000,red,fair,gas,automatic,SUV
5119,2018,Mercedes-Benz,36990,45023,black,good,other,other,van
5120,2020,Kia,21990,2073,black,good,other,other,sedan
5121,2018,MAZDA,24990,18000,black,good,gas,other,sedan
5122,2015,Toyota,36590,8221,silver,good,gas,other,pickup
5124,2011,Volvo,16990,76314,red,good,other,other,sedan
5125,2001,toyota,1500,175000,white,fair,gas,automatic,mini-van
5126,2018,Acura,27590,41570,white,good,gas,automatic,sedan
5127,2015,Mercedes-Benz,37990,38130,white,good,other,automatic,coupe
5128,2019,Ram,27590,40578,white,good,gas,other,pickup
5130,2010,Ford,18590,80045,white,good,gas,other,pickup
5131,2016,Nissan,25990,76348,white,good,gas,other,pickup
5132,2014,BMW,16990,49429,orange,good,electric,other,hatchback
5133,2016,Chevrolet,17990,55679,white,good,gas,automatic,sedan
5136,2007,HYUNDAI,6495,112585,white,good,gas,automatic,mini-van
5137,2009,GMC,6995,158015,brown,good,gas,automatic,SUV
5138,2008,FORD,6995,175422,silver,good,gas,automatic,SUV
5139,2004,TOYOTA,6995,177859,silver,good,gas,automatic,mini-van
5140,2005,HONDA,6495,212619,green,good,gas,automatic,SUV
5141,2005,BMW,9995,105536,black,good,gas,automatic,coupe
5142,2005,BMW,6995,176365,black,good,gas,automatic,SUV
5143,2007,KIA,5495,225404,silver,good,gas,automatic,mini-van
5144,2004,SUBARU,5995,211535,black,good,gas,manual,sedan
5145,2003,AUDI,6995,63095,blue,good,gas,automatic,convertible
5146,2003,BMW,4995,178723,black,good,gas,automatic,sedan
5147,2008,LAND,8495,178049,black,good,gas,automatic,SUV
5148,2004,FORD,5995,99501,silver,good,gas,automatic,mini-van
5149,2003,MITSUBISHI,3250,169749,silver,fair,gas,automatic,SUV
5150,2007,JEEP,5995,221556,silver,good,gas,automatic,SUV
5151,2005,SAAB,4495,134241,black,good,gas,automatic,sedan
5152,2001,BMW,5250,166761,silver,good,gas,manual,SUV
5153,2013,MAZDA,15990,44719,black,good,gas,other,sedan
5154,2007,BMW,21995,79325,silver,good,gas,automatic,convertible
5155,1998,MERCEDES,5495,170609,silver,good,gas,automatic,SUV
5156,2006,MERCEDES,6495,173051,white,good,gas,automatic,sedan
5157,1999,Jeep,9900,152000,white,good,gas,automatic,SUV
5158,2002,VOLVO,4995,175711,silver,good,gas,automatic,wagon
5159,2007,SATURN,4495,180023,green,good,gas,manual,SUV
5160,2019,Toyota,26990,10949,silver,good,other,other,hatchback
5161,2000,NISSAN,5495,201650,grey,good,gas,automatic,SUV
5162,2014,Audi,24990,65348,black,good,other,automatic,coupe
5163,2007,JEEP,6995,170583,white,good,gas,automatic,SUV
5165,2019,Genesis,37590,13265,blue,good,gas,other,sedan
5166,2000,NISSAN,6995,143033,grey,good,gas,automatic,truck
5167,2012,Chevrolet,17990,33034,black,good,gas,other,sedan
5168,2005,MERCEDES,6995,172773,silver,good,gas,automatic,wagon
5169,2016,Chevrolet,22590,11634,white,good,gas,automatic,sedan
5170,2009,DODGE,7995,178243,white,good,gas,automatic,SUV
5171,2008,AUDI,5495,142447,grey,good,gas,automatic,sedan
5172,2006,DODGE,4750,196227,grey,good,gas,automatic,SUV
5173,2008,FORD,6995,205371,white,good,gas,automatic,truck
5174,2005,FORD,4495,163837,blue,good,gas,automatic,SUV
5175,2011,FORD,7995,158003,blue,good,gas,automatic,SUV
5176,2009,FORD,3995,194165,blue,good,gas,automatic,SUV
5177,2007,FORD,5995,162281,red,good,gas,automatic,SUV
5178,2008,LAND,4995,131723,orange,good,gas,automatic,SUV
5179,1998,MERCEDES,3995,113266,silver,good,gas,automatic,SUV
5180,2006,DODGE,3995,138115,blue,good,gas,automatic,mini-van
5181,2006,FORD,3995,168879,grey,good,gas,automatic,SUV
5182,2001,LEXUS,3495,151467,silver,good,gas,automatic,sedan
5237,2003,FORD,3995,178023,grey,good,gas,automatic,SUV
5238,2000,LEXUS,3995,185416,white,good,gas,automatic,SUV
5240,2003,LEXUS,2995,243216,white,good,gas,automatic,SUV
5241,1983,JAGUAR,4995,90152,yellow,good,gas,automatic,sedan
5242,2004,infiniti,5495,199596,silver,good,gas,automatic,SUV
5243,2004,volvo,4995,168694,silver,good,gas,automatic,SUV
5244,2006,ford,3495,169531,white,good,gas,automatic,wagon
5245,2001,volvo,2750,213215,silver,good,gas,automatic,sedan
5246,2003,CADILLAC,6995,183590,grey,good,gas,automatic,SUV
5247,2006,BUICK,3995,177814,silver,good,gas,automatic,SUV
5248,2010,FORD,5995,174979,blue,good,gas,automatic,SUV
5249,1999,LEXUS,4495,210727,silver,good,gas,automatic,SUV
5250,2007,INFINITI,6750,222587,white,good,gas,automatic,SUV
5251,2003,MERCEDES,12995,121069,black,good,gas,automatic,coupe
5252,2011,JEEP,6750,179956,black,good,gas,automatic,SUV
5253,2002,FORD,3995,226978,silver,good,gas,automatic,SUV
5254,2006,SUBARU,5995,154707,grey,good,gas,automatic,SUV
5255,2003,JEEP,3995,187355,purple,good,gas,automatic,SUV
5256,2006,DODGE,5995,146813,silver,good,gas,automatic,truck
5257,2009,SUBARU,5995,176235,grey,good,gas,automatic,sedan
5258,2006,VOLKSWAGEN,5495,152443,white,good,gas,automatic,sedan
5259,2005,CADILLAC,7995,162893,black,good,gas,automatic,SUV
5260,2008,HONDA,6995,181792,silver,good,gas,automatic,mini-van
5261,2001,LEXUS,4495,149521,grey,good,gas,automatic,SUV
5262,2012,CHEVROLET,12995,86098,white,good,gas,automatic,sedan
5263,2004,AUDI,5995,159091,blue,good,gas,automatic,wagon
5264,2005,VOLKSWAGEN,6995,161713,blue,good,gas,automatic,SUV
5265,2002,CHEVROLET,6995,212618,silver,good,gas,automatic,SUV
5266,2010,GMC,8995,144328,silver,good,gas,automatic,SUV
5267,2006,SUBARU,4995,231431,silver,good,gas,manual,wagon
5268,2006,JEEP,6995,182832,grey,good,gas,automatic,SUV
5269,2006,FORD,4995,214940,silver,good,gas,automatic,SUV
5270,2005,CHEVROLET,4995,181516,white,good,gas,automatic,SUV
5271,2006,SATURN,5495,139567,grey,good,gas,automatic,SUV
5272,2002,AUDI,6495,143964,black,good,gas,automatic,wagon
5273,2006,BMW,6995,126300,grey,good,gas,automatic,sedan
5274,2014,Subaru,24990,29129,green,good,gas,automatic,hatchback
5275,2004,MAZDA,1995,213461,grey,fair,gas,automatic,SUV
5276,2008,LINCOLN,1995,125096,black,fair,gas,automatic,sedan
5277,2009,MINI,3995,86538,red,fair,gas,manual,sedan
5278,2004,FORD,5995,174425,blue,fair,gas,automatic,truck
5279,2012,Ford,15590,24889,white,good,electric,other,hatchback
5280,2003,FORD,5995,158359,silver,good,diesel,automatic,SUV
5281,2009,MAZDA,2995,112541,white,good,gas,automatic,SUV
5282,2005,HONDA,5495,220168,silver,good,gas,automatic,mini-van
5283,2002,MITSUBISHI,5495,154492,white,good,gas,automatic,convertible
5284,2018,Kia,27990,14293,white,good,other,other,wagon
5285,2006,INFINITI,7995,187637,silver,good,gas,automatic,sedan
5286,2006,HONDA,6495,220998,blue,good,gas,automatic,SUV
5287,2004,HYUNDAI,5995,187254,white,good,gas,automatic,SUV
5288,2007,AUDI,6995,187254,silver,good,gas,automatic,SUV
5289,2007,VOLVO,5995,171742,black,good,gas,automatic,wagon
5290,2006,BMW,6995,147055,blue,good,gas,automatic,SUV
5291,2002,BMW,6995,144421,black,good,gas,automatic,SUV
5292,2006,VOLVO,4995,170526,silver,good,gas,automatic,wagon
5293,1997,CHEVROLET,13995,112303,black,good,gas,manual,coupe
5294,2018,Ford,30590,12270,white,good,gas,other,pickup
5295,2006,MERCEDES,8495,101279,silver,good,gas,automatic,SUV
5296,2008,FORD,2995,182337,white,good,gas,automatic,truck
5297,2011,HYUNDAI,3495,188674,blue,fair,gas,automatic,SUV
5298,2002,MAZDA,1995,174828,green,fair,gas,automatic,SUV
5299,2010,MAZDA,1495,177734,grey,fair,gas,automatic,hatchback
5300,2005,KIA,1995,177610,black,fair,gas,manual,SUV
5301,2003,CADILLAC,7495,219247,black,good,gas,automatic,SUV
5302,2001,MAZDA,1200,137920,silver,fair,gas,automatic,mini-van
5303,2000,ISUZU,1995,101095,white,fair,gas,manual,SUV
5304,2006,PONTIAC,1995,140318,grey,fair,gas,automatic,SUV
5305,1997,AUDI,1495,115496,blue,fair,gas,automatic,wagon
5306,2006,AUDI,6995,125452,blue,good,gas,automatic,sedan
5307,2005,FORD,5995,188133,silver,good,gas,automatic,SUV
5308,2014,VOLVO,6995,152060,brown,good,gas,automatic,sedan
5309,2007,LEXUS,4995,199657,black,good,gas,automatic,SUV
5310,1998,GMC,4995,159978,grey,good,gas,automatic,SUV
5311,1993,jeep,3700,217000,green,fair,gas,automatic,SUV
5312,2011,mazda,6999,170222,grey,good,gas,automatic,SUV
5313,2010,volvo,8500,147000,blue,good,gas,automatic,SUV
5314,2001,dodge,2150,265550,grey,good,gas,automatic,SUV
5315,2013,ford,4800,104000,red,good,gas,manual,hatchback
5316,1999,crystler,2001,141500,green,good,gas,automatic,coupe
5317,2015,Nissan,10500,99987,white,good,gas,automatic,SUV
5318,2002,Ford,5500,292000,red,good,gas,automatic,truck
5319,2008,bmw,7500,127000,silver,good,gas,automatic,SUV
5320,2017,nissan,16500,80844,black,good,gas,automatic,SUV
5321,2002,ford,5500,292000,red,good,gas,automatic,truck
5322,2009,nissan,7500,166000,brown,good,gas,automatic,SUV
5323,2007,GMC,5000,259042,white,good,gas,automatic,pickup
5324,1989,toyota,11000,175000,grey,good,gas,manual,hatchback
5325,2007,toyota,12000,151210,white,good,gas,automatic,SUV
5326,2008,volkswagen,5500,130260,silver,good,gas,manual,sedan
5327,2014,TOYOTA,26000,161200,black,good,gas,automatic,mini-van
5328,2008,volvo,6200,170000,white,good,gas,automatic,sedan
5329,2006,2006,3000,180000,silver,fair,hybrid,automatic,hatchback
5330,2012,chevrolet,4000,162000,white,good,gas,automatic,sedan
5331,2007,Toyota,18500,142800,black,good,gas,automatic,truck
5332,2010,jeep,13000,125000,black,good,gas,automatic,SUV
5333,2014,gmc,20000,179219,white,good,gas,automatic,pickup
5334,2002,Bmw,5000,176193,silver,good,gas,manual,coupe
5335,2001,chevy,4000,294000,white,fair,gas,automatic,van
5336,2001,2001,2500,274800,white,fair,gas,automatic,sedan
5337,2004,dodge,3500,200000,black,good,gas,automatic,truck
5338,2005,2005,3500,157856,white,good,gas,automatic,SUV
5339,2006,lexus,4900,184309,green,good,gas,automatic,SUV
5340,1994,chevy,9400,86000,white,good,gas,automatic,van
5341,1997,bmw,9900,54000,blue,good,gas,manual,convertible
5342,1978,Saab,1499,79000,green,good,gas,manual,sedan
5343,2004,2004,7500,20,purple,good,gas,automatic,sedan
5344,2007,dodge,17000,325000,grey,good,diesel,automatic,pickup
5345,2008,saab,3500,140372,silver,good,gas,manual,sedan
5346,2014,Volkswagen,9000,145000,grey,good,gas,automatic,sedan
5347,1985,ford,6000,123456,black,good,gas,manual,hatchback
5348,2015,nissan,10950,70900,black,good,gas,automatic,sedan
5349,2007,toyota,6000,215000,grey,good,gas,automatic,SUV
5421,2006,audi,7000,105000,red,good,gas,manual,sedan
5422,2011,subaru,8250,152500,black,fair,gas,automatic,SUV
5424,2006,kia,3900,114000,green,good,gas,automatic,SUV
5425,2007,toyota,9000,90300,silver,good,gas,automatic,sedan
5426,1966,ford,20000,37763,red,good,gas,automatic,coupe
5427,2009,chevrolet,4900,340000,white,good,gas,automatic,sedan
5428,1996,1996,2250,108000,white,good,gas,manual,wagon
5429,2009,cadillac,14999,145000,blue,good,hybrid,automatic,SUV
5430,2000,pontiac,1100,219002,silver,fair,gas,automatic,sedan
5431,2006,toyota,9000,228000,white,good,gas,automatic,SUV
5432,1999,BMW,6500,189000,white,good,gas,automatic,sedan
5433,2013,chevy,5600,93049,blue,good,gas,automatic,sedan
5434,2008,dodge,14000,250000,blue,good,diesel,manual,truck
5435,1968,ford,7500,133500,blue,good,gas,automatic,pickup
5436,1983,ford,3900,149000,white,good,gas,manual,truck
5437,2019,Subaru,25899,99580,green,good,gas,automatic,hatchback
5438,2017,Toyota,33499,93490,white,good,gas,automatic,pickup
5439,2016,Toyota,33499,98839,white,good,gas,automatic,pickup
5440,2017,Genesis,29990,39160,blue,good,other,other,sedan
5441,2018,Chrysler,35590,4824,black,good,gas,other,van
5442,2018,Hyundai,22990,41146,white,good,other,automatic,hatchback
5443,2017,Nissan,33990,46494,white,good,gas,other,pickup
5445,2016,smart,16990,33944,black,good,other,automatic,coupe
5446,2015,Toyota,19990,50223,blue,good,gas,automatic,hatchback
5448,2013,Scion,22990,38315,orange,good,other,manual,coupe
5449,2012,Chevrolet,36590,32783,white,good,other,automatic,coupe
5451,2020,Mercedes-Benz,37990,9100,black,good,other,other,sedan
5452,2015,Nissan,18590,52158,white,good,gas,automatic,hatchback
5453,2013,honda,13900,47992,grey,good,gas,automatic,sedan
5454,2019,Honda,27990,3341,white,good,gas,automatic,sedan
5455,2014,Scion,20590,8578,blue,good,gas,other,coupe
5456,1999,toyota,11500,175400,red,good,gas,manual,pickup
5457,2021,Hyundai,35990,6267,white,good,other,other,sedan
5459,2012,Lexus,31590,45862,white,good,other,automatic,sedan
5461,2014,Ford,19990,36300,silver,good,gas,automatic,sedan
5463,2017,Honda,32990,39449,black,good,other,other,pickup
5465,2013,MAZDA,16590,64285,silver,good,gas,automatic,van
5466,2017,Honda,24990,12841,blue,good,other,automatic,hatchback
5467,2009,jeep,14500,146650,red,good,gas,automatic,SUV
5468,2020,Toyota,35990,1532,green,good,other,other,coupe
5469,2017,Volkswagen,24990,47464,black,good,other,automatic,wagon
5470,2018,Chevrolet,36990,26406,black,good,gas,automatic,pickup
5473,2012,Hyundai,20990,10910,silver,good,other,automatic,sedan
5474,2017,ford,46500,70000,black,good,gas,automatic,pickup
5476,2017,Honda,26590,39000,silver,good,gas,other,coupe
5477,2010,Mercedes-Benz,18990,74120,silver,good,hybrid,automatic,sedan
5479,2018,Buick,27590,27026,red,good,gas,other,wagon
5480,2014,Audi,27990,53429,silver,good,other,automatic,wagon
5481,2016,Scion,17590,44551,black,good,gas,other,sedan
5482,2014,Volkswagen,18590,44145,black,good,gas,automatic,sedan
5483,2018,MAZDA,30590,10008,blue,good,gas,other,convertible
5484,2019,Ford,34590,12878,blue,good,other,other,pickup
5486,2008,chrysler,2900,138000,white,good,gas,automatic,coupe
5487,2009,jeep,1200,203800,green,fair,gas,automatic,SUV
5488,2007,Toyota,15000,191000,green,good,gas,automatic,pickup
5489,1997,ford,1,190000,custom,good,gas,automatic,SUV
5490,2006,Dodge,8700,189800,grey,good,gas,automatic,pickup
5491,1973,1973,13000,15000,blue,good,gas,automatic,truck
5492,2011,ford,10999,160800,white,good,other,automatic,pickup
5493,2014,dodge,10500,190000,black,good,gas,automatic,truck
5494,1998,Audi,2300,121000,purple,fair,gas,automatic,sedan
5495,2006,2006,7000,190000,black,fair,gas,automatic,pickup
5496,1988,ford,6250,35000,brown,good,gas,automatic,pickup
5497,2015,Kia,8800,96674,black,good,gas,automatic,sedan
5498,2001,GMC,15000,266480,red,good,diesel,manual,truck
5499,1981,chevy,8500,642,orange,good,gas,manual,pickup
5500,2012,Ford,22299,94931,red,good,gas,automatic,truck
5501,2014,Nissan,14299,75487,white,good,gas,automatic,sedan
5502,2013,Dodge,12299,102898,red,good,gas,automatic,van
5503,2008,Jeep,18299,121692,silver,good,gas,automatic,SUV
5504,2012,GMC,22899,84305,grey,good,gas,automatic,SUV
5505,1993,ford,2450,1900000,white,fair,gas,manual,truck
5506,2010,Honda,1800,120880,blue,fair,gas,automatic,SUV
5507,2001,subaru,2500,212118,green,good,gas,automatic,wagon
5508,2006,lexus,9995,157800,white,good,hybrid,automatic,SUV
5509,2008,2008,6500,200000,white,good,gas,automatic,SUV
5510,2006,honda,5750,190000,brown,good,gas,automatic,SUV
5511,2005,toyota,11500,208555,black,good,gas,automatic,truck
5512,1961,ford,5000,1111,white,good,gas,automatic,sedan
5513,1974,Ford,7900,68000,blue,good,gas,manual,truck
5514,1987,chevy,7900,99800,red,good,gas,automatic,truck
5515,2005,Chevrolet,6900,202711,white,good,gas,automatic,SUV
5516,2004,Toyota,4200,207194,grey,good,gas,automatic,sedan
5517,2007,2007,7000,180000,grey,good,gas,automatic,SUV
5518,1995,1995,999,200000,blue,fair,gas,automatic,sedan
5519,2000,2000,2777,200000,white,fair,gas,automatic,pickup
5520,2016,Ford,24500,134000,grey,good,gas,automatic,pickup
5521,2009,subaru,2900,191000,silver,good,gas,automatic,sedan
5522,2005,Dodge,17499,88500,black,good,gas,automatic,truck
5523,2016,2016,31799,84248,red,good,gas,automatic,truck
5524,2004,chevy,18500,247000,white,fair,diesel,automatic,truck
5525,2018,2018,33999,83484,white,good,gas,automatic,truck
5526,2009,2009,4500,134979,red,good,gas,automatic,sedan
5527,2008,gmc,8750,172000,white,good,gas,automatic,truck
5528,1962,mercury,7495,15980,red,good,gas,manual,sedan
5529,2006,gmc,6799,248000,black,good,gas,automatic,SUV
5626,2003,land,6799,156000,green,good,gas,automatic,SUV
5627,2011,kia,12500,90842,red,good,gas,automatic,SUV
5628,1964,chevy,5400,6,blue,good,gas,manual,convertible
5629,1999,toyota,7995,340000,grey,good,gas,automatic,SUV
5630,2010,mazda,9800,140000,black,good,gas,manual,hatchback
5631,2010,Mercedes-Benz,8495,155155,custom,good,gas,automatic,sedan
5632,2007,Honda,9995,156838,blue,good,gas,automatic,SUV
5633,2016,2016,25999,91288,black,good,gas,automatic,SUV
5634,2011,Jeep,12500,147000,silver,good,gas,automatic,SUV
5635,1999,Lincoln,4100,135000,blue,good,gas,automatic,sedan
5636,2012,honda,13000,72262,white,good,hybrid,automatic,sedan
5637,2005,ford,16500,192612,black,good,diesel,automatic,truck
5638,2000,ford,8000,171000,white,good,gas,automatic,SUV
5639,2006,dodge,29999,144120,white,good,diesel,automatic,van
5640,2003,toyota,11000,197600,silver,good,gas,automatic,SUV
5641,1998,mazda,2745,132400,grey,fair,gas,automatic,truck
5642,1995,1995,9500,183000,white,fair,gas,automatic,SUV
